Was bedeutet disagio ? ,Vorauszahlung auf die Zinsen,Taxi Schild muss entfernt werden,—Bilaterale Abkommen,Mautgebühren,Tunnelgebühren,Übernachtungskosten,höre Kraftstoffpreise,Spesen
Sie haben einen Fahrauftrag ins Ausland. Was müssen Sie in Bezug auf ihr Dachzeichen am Taxi beachten?,Taxi Schild muss entfernt werden,Stille Reserve ist der unterschied zwischen den Zeit und Restwert eines Anlageguts,Ja,Ständige Vorsicht und gegenseitige Rücksichtnahme,"Sich so verhalten dass kein anderer gefährdet, geschädigt behindert oder belästigt wird",Nach dem Bruttoverdienst,Der Halter,Addition alle Ausgaben
Welche Vorschriften regeln den grenzüberschreitenden Verkehr zwischen Deutschland und den Nachbarstaaten ?,Vorauszahlung auf die Zinsen,Taxi Schild muss entfernt werden,—Bilaterale Abkommen,Mautgebühren,Tunnelgebühren,Übernachtungskosten,höre Kraftstoffpreise,Spesen                                                                                                          ,Ermittlung der Zahllast und Traglast,"Anlegen und führen von Lohnkosten, Lohnbuch",10 Jahre,Das Skonto ist ein prozentualer Nachlass vom Kaufpreis,Ansprüche aus einem Beförderungsvertrag verjähren nach 3 Jahre,"Die Verjährung beginnt mit dem Ende des Jahres, in dem der Anspruch entstanden ist",Nur an Bushaltestellen,—Lohnsteuerkarte des Arbeitnehmers
Sie haben einen Fahrauftrag ins Ausland- mit welchen zusätzlichen Kosten müssen Sie unter Umständen rechnen?,Übernachtungskosten,Spesen,Die Sicherheit und Leistungsfähigkeit des Betriebes muss gegeben sein,Tunnelgebühren,Mautgebühren,nein,50 kg,höre Kraftstoffpreise
Wo dürfen Taxen bereitgehalten werden ?,Vorauszahlung auf die Zinsen,Taxi Schild muss entfernt werden,—Bilaterale Abkommen,Mautgebühren,Tunnelgebühren,An den für den Betriebssitz Gemeinde behördlich zugelassenen stellen,höre Kraftstoffpreise,Spesen
Welche Genehmigung benötigen Sie- wenn sie als Taxiunternehmer eine Personenbeförderung in den benachbarten Stadt (Ausland) durchführen ?,Taxi Genehmigung der deutschen Genehmigungsbehörde,Stille Reserve ist der unterschied zwischen den Zeit und Restwert eines Anlageguts,Ja,Ständige Vorsicht und gegenseitige Rücksichtnahme,"Sich so verhalten dass kein anderer gefährdet, geschädigt behindert oder belästigt wird",Nach dem Bruttoverdienst,Der Halter,Addition alle Ausgaben
Was ist ein Handelsregister?,Ermittlung der Zahllast und Traglast,"Anlegen und führen von Lohnkosten, Lohnbuch",Handelsregister ist ein öffentliches Verzeichnis in dem alle Kaufleute eingetragen sind.,Das Skonto ist ein prozentualer Nachlass vom Kaufpreis,Ansprüche aus einem Beförderungsvertrag verjähren nach 3 Jahre,"Die Verjährung beginnt mit dem Ende des Jahres, in dem der Anspruch entstanden ist",Nur an Bushaltestellen,—Lohnsteuerkarte des Arbeitnehmers
Was sind stille Reserven?,Sozialversicherungsbeitragstabelle,Max 6 Stunden,Die Sicherheit und Leistungsfähigkeit des Betriebes muss gegeben sein,Stille Reserve ist der unterschied zwischen den Zeit und Restwert eines Anlageguts,Politische und religiöse Werbung Ist an Taxen unzulässig,nein,50 kg,Besetztfahrten
Was bedeutet Eigentumsvorbehalt?,Vorauszahlung auf die Zinsen,Taxi Schild muss entfernt werden,—Bilaterale Abkommen,Mautgebühren,Dient der Sicherung von Ansprüchen aus einem Kaufvertrag,Übernachtungskosten,höre Kraftstoffpreise,Spesen
Gelten die Vorschriften des Arbeitszeitgesetzes auch für die Personenbeförderungen zwischen Deutschland und einem anderen Staat ?,Ja,Stille Reserve ist der unterschied zwischen den Zeit und Restwert eines Anlageguts,Ja,Ständige Vorsicht und gegenseitige Rücksichtnahme,"Sich so verhalten dass kein anderer gefährdet, geschädigt behindert oder belästigt wird",Nach dem Bruttoverdienst,Der Halter,Addition alle Ausgaben
Nennen Sie die beiden Grundregeln der Straßenverkehr nach Paragraph 1 der Straßenverkehrsordnung (StVO),Ermittlung der Zahllast und Traglast,"Sich so verhalten dass kein anderer gefährdet, geschädigt behindert oder belästigt wird",Ständige Vorsicht und gegenseitige Rücksichtnahme,Das Skonto ist ein prozentualer Nachlass vom Kaufpreis,Ansprüche aus einem Beförderungsvertrag verjähren nach 3 Jahre,"Die Verjährung beginnt mit dem Ende des Jahres, in dem der Anspruch entstanden ist",Nur an Bushaltestellen,—Lohnsteuerkarte des Arbeitnehmers
Wonach richtet sich die Höhe des Beitrags in der gesetzlichen Krankenversicherung ?,Sozialversicherungsbeitragstabelle,Nach dem Bruttoverdienst,Die Sicherheit und Leistungsfähigkeit des Betriebes muss gegeben sein,Taxi Tarif Ordnung,Politische und religiöse Werbung Ist an Taxen unzulässig,nein,50 kg,Besetztfahrten
Wer haftet nach den Grundsätzen der Gefährdungshaftung für Schäden- die durch ein Kfz Verursacht werden?,Vorauszahlung auf die Zinsen,Der Halter,—Bilaterale Abkommen,Mautgebühren,Tunnelgebühren,Übernachtungskosten,höre Kraftstoffpreise,Spesen
Wie schließt man ein Kassenbuch ab ?,Taxi Genehmigung der deutschen Genehmigungsbehörde,Stille Reserve ist der unterschied zwischen den Zeit und Restwert eines Anlageguts,die Differenz ist der Kassenbestand,Addition alle Ausgaben,Addition aller Einnahmenseite,Nach dem Bruttoverdienst,Der Halter,Addition alle Ausgaben
Welche Umsatzsteuerrechtliche Bedeutung hat das Kassenbuch?,Ermittlung der Zahllast und Traglast,"Anlegen und führen von Lohnkosten, Lohnbuch",10 Jahre,Das Skonto ist ein prozentualer Nachlass vom Kaufpreis,Ermittlung der Zahllast und Traglast,"Die Verjährung beginnt mit dem Ende des Jahres, in dem der Anspruch entstanden ist",Nur an Bushaltestellen,—Lohnsteuerkarte des Arbeitnehmers
Welche Buchführungspflicht hat ein Verkehrsunternehmer zusätzlich zu den üblichen Aufzeichnungen- wenn Arbeitnehmer beschäftigt werden?,Sozialversicherungsbeitragstabelle,"Anlegen und führen von Lohnkosten, Lohnbuch",Die Sicherheit und Leistungsfähigkeit des Betriebes muss gegeben sein,Taxi Tarif Ordnung,Politische und religiöse Werbung Ist an Taxen unzulässig,nein,50 kg,Besetztfahrten
Wie lange müssen Buchbelege nach den Vorschriften der Abgabenordnung aufbewahrt werden?,Vorauszahlung auf die Zinsen,Taxi Schild muss entfernt werden,—Bilaterale Abkommen,Mautgebühren,Tunnelgebühren,10 Jahre,höre Kraftstoffpreise,Spesen
Was ist ein Skonto?,Taxi Genehmigung der deutschen Genehmigungsbehörde,Stille Reserve ist der unterschied zwischen den Zeit und Restwert eines Anlageguts,Ja,Ständige Vorsicht und gegenseitige Rücksichtnahme,Das Skonto ist ein prozentualer Nachlass vom Kaufpreis,Nach dem Bruttoverdienst,Der Halter,Addition alle Ausgaben
Wie lange ist die Verjährungsfrist bei Förderungen aus einer Personalbeförderung und wann beginnt die Verjährungsfrist?,Ermittlung der Zahllast und Traglast,"Die Verjährung beginnt mit dem Ende des Jahres, in dem der Anspruch entstanden ist",Ansprüche aus einem Beförderungsvertrag verjähren nach 3 Jahre,Das Skonto ist ein prozentualer Nachlass vom Kaufpreis,Ansprüche aus einem Beförderungsvertrag verjähren nach 3 Jahre,"Die Verjährung beginnt mit dem Ende des Jahres, in dem der Anspruch entstanden ist",Nur an Bushaltestellen,—Lohnsteuerkarte des Arbeitnehmers
Wo dürfen auf Busspuren- die für Taxis zugelassen sind von Taxifahrern Fahrgäste aufgenommen werden?,Sozialversicherungsbeitragstabelle,Max 6 Stunden,Die Sicherheit und Leistungsfähigkeit des Betriebes muss gegeben sein,Nur an Bushaltestellen,Politische und religiöse Werbung Ist an Taxen unzulässig,nein,50 kg,Besetztfahrten
Welche Unterlagen werden von Unternehmer in der Regel zu Lohnberechnung Nettolohn benötigt? Nennen Sie 3 Unterlagen,Vorauszahlung auf die Zinsen,Taxi Schild muss entfernt werden,Lohnsteuertabelle,Sozialversicherungsbeitragstabelle,Tunnelgebühren,Übernachtungskosten,höre Kraftstoffpreise,Lohnsteuerkarte des Arbeitnehmers
Wie lange darf ein Angestellter Mietwagenfahrer am Tag höchstens ununterbrochen beschäftigt sein?,Taxi Genehmigung der deutschen Genehmigungsbehörde,Stille Reserve ist der unterschied zwischen den Zeit und Restwert eines Anlageguts,Ja,Ständige Vorsicht und gegenseitige Rücksichtnahme,"Sich so verhalten dass kein anderer gefährdet, geschädigt behindert oder belästigt wird",Nach dem Bruttoverdienst,Der Halter,Addition alle Ausgaben
Welche Vorraussetzung muss vorliegen- damit die Genehmigung für Taxi und Mietwagen Unternehmer nach Ablauf der Genehmigungszeit verlängert wird,Ermittlung der Zahllast und Traglast,"Anlegen und führen von Lohnkosten, Lohnbuch",10 Jahre,Das Skonto ist ein prozentualer Nachlass vom Kaufpreis,Ansprüche aus einem Beförderungsvertrag verjähren nach 3 Jahre,"Die Verjährung beginnt mit dem Ende des Jahres, in dem der Anspruch entstanden ist",Nur an Bushaltestellen,—Lohnsteuerkarte des Arbeitnehmers
Welche Vorschrift legt das für Taxiunternehmer maßgebende Pflicht Fahrgebiet Fest?,Sozialversicherungsbeitragstabelle,Max 6 Stunden,Die Sicherheit und Leistungsfähigkeit des Betriebes muss gegeben sein,Taxi Tarif Ordnung,Politische und religiöse Werbung Ist an Taxen unzulässig,nein,50 kg,Besetztfahrten
An welchen Stellen des Taxis ist Nach der BOkraft Werbung erlaubt,Vorauszahlung auf die Zinsen,Taxi Schild muss entfernt werden,—Bilaterale Abkommen,Mautgebühren,Tunnelgebühren,Übernachtungskosten,höre Kraftstoffpreise,Spesen
Wofür darf nach der BOKraft nicht geworben werden,Taxi Genehmigung der deutschen Genehmigungsbehörde,Stille Reserve ist der unterschied zwischen den Zeit und Restwert eines Anlageguts,Politische und religiöse Werbung Ist an Taxen unzulässig,Ständige Vorsicht und gegenseitige Rücksichtnahme,"Sich so verhalten dass kein anderer gefährdet, geschädigt behindert oder belästigt wird",Nach dem Bruttoverdienst,Der Halter,Addition alle Ausgaben
Darf bei einer Personenbeförderung im Pflichtfahrgebiet auf die Berechnung der tariflichen Zuschläge verzichtet werden,Ermittlung der Zahllast und Traglast,"Anlegen und führen von Lohnkosten, Lohnbuch",nein,Das Skonto ist ein prozentualer Nachlass vom Kaufpreis,Ansprüche aus einem Beförderungsvertrag verjähren nach 3 Jahre,"Die Verjährung beginnt mit dem Ende des Jahres, in dem der Anspruch entstanden ist",Nur an Bushaltestellen,—Lohnsteuerkarte des Arbeitnehmers
Wie viel Gepäck musst ein Taxi auch bei vollständige Besetzung mindestens befördern können,Sozialversicherungsbeitragstabelle,Max 6 Stunden,Die Sicherheit und Leistungsfähigkeit des Betriebes muss gegeben sein,50 kg,Politische und religiöse Werbung Ist an Taxen unzulässig,nein,50 kg,Besetztfahrten
In welchen fällen muss die Beleuchtung des Taxischildes am Fahrzeug ausgeschaltet sein,Vorauszahlung auf die Zinsen,Taxi Schild muss entfernt werden,Kurierfahrten,wenn das Fahrzeug nicht bereit gehalten wird,Tunnelgebühren,Fahrten zur Abholungs Adresse,Besetztfahrten,Privatfahrten
Nennen Sie 3 Taxispezifischen Ausrüstungsgegenstände- die sich im Inneren eines Taxis befinden müssen,Taxi Genehmigung der deutschen Genehmigungsbehörde,Fahrpreisanzeiger,Ordnungsnummer,Schild mit Unternehmer Anschrift,Alarmanlage,Nach dem Bruttoverdienst,Der Halter,Addition alle Ausgaben
Ihr Taxi steht auf einem örtlichen Taxistand- ihr Fahrer wartet auf einem Fahrgast worauf hat Fahrer im Rücksicht auf die Einwohner?,Radio Funk bei offenem Fenster so leise wie möglich einzustellen,Unnötiges laufen lassen des Motors,Unnötiges lautes zuschlagen von Türen vermeiden,Das Skonto ist ein prozentualer Nachlass vom Kaufpreis,Ansprüche aus einem Beförderungsvertrag verjähren nach 3 Jahre,"Die Verjährung beginnt mit dem Ende des Jahres, in dem der Anspruch entstanden ist",Nur an Bushaltestellen,—Lohnsteuerkarte des Arbeitnehmers
Sie sind daran interessiert- den Betrieb- in dem sie schon seit Jahren Arbeiten zu übernehmen- Es handelt sich um einen Betrieb mit einen Taxi und einem Mietwagen- nach der Übernahme beabsichtigen Sie- den Mietwagen selbst zu fahren und für den Taxi einen Fahrer einzustellen. Welche 4 Voraussetzungen müssen Sie erfüllen damit ihnen Taxi und Mietwagen Kondition übertragen werden können und sie den Mietwagen selbst fahren dürfen?,—Fachliche Eignung,persönliche Zuverlässigkeit,Finanzielle Leistungsfähigkeit,PersonenbeförderungSchein,Politische und religiöse Werbung Ist an Taxen unzulässig,nein,50 kg,Besetztfahrten
Sie übernehmen die gebrauchten Fahrzeug ihres Vorgängers- der Fahrpreisanzeiger des Taxis wurde durch ein neues Gerät ersetzt. Für beide Fahrzeuge ist die Hauptuntersuchung fällig was müssen Sie vor in Betriebname der beiden Fahrzeuge beachten?,"Durchführung der Hauptuntersuchung für beide Fahrzeuge inklusive der Festellung, ob die Fahrzeuge den Bestimmung der BOKraft entsprechen",Der Fahrpreisanzeiger des Taxen muss bei Eichamt für geeicht werden,dieUntersuchungsberichte und bei der Genehmigungsbehörde Vorlegen,Mautgebühren,Tunnelgebühren,Übernachtungskosten,höre Kraftstoffpreise,Spesen
Vor der Umschreibung der Fahrzeuge bei der Kfz Zulassungsstelle wollen Sie alle notwendige Unterlagen zusammenstellen- Sie haben bereits die Fahrzeugbriefe zurecht gelegt. welche Unterlagen fehlen noch?,—Nachweis über Abgasuntersuchung,Versicherungsdoppelkarten,Ja,Personalausweis,Fahrzeugscheine,Nach dem Bruttoverdienst,Der Halter,Addition alle Ausgaben
Sie überlegen- ob sie als Kleingewerbeinder in das Handelsregister eintragen zu lassen. Kann ein Kleinbetrieb eintragen werden.,Ermittlung der Zahllast und Traglast,"Anlegen und führen von Lohnkosten, Lohnbuch",Ja,Das Skonto ist ein prozentualer Nachlass vom Kaufpreis,Ansprüche aus einem Beförderungsvertrag verjähren nach 3 Jahre,"Die Verjährung beginnt mit dem Ende des Jahres, in dem der Anspruch entstanden ist",Nur an Bushaltestellen,—Lohnsteuerkarte des Arbeitnehmers
Wer führt das Handelsregister?,Sozialversicherungsbeitragstabelle,Max 6 Stunden,Die Sicherheit und Leistungsfähigkeit des Betriebes muss gegeben sein,Taxi Tarif Ordnung,Politische und religiöse Werbung Ist an Taxen unzulässig,Das örtliche zuständige Amtsgericht,50 kg,Besetztfahrten
Sie Haben sich entschieden- sich als Einzelhandelskaufmann in das Handelsregister eintragen zu lassen.Was müssen Sie veranlassen (mit bringen) ?,Vorauszahlung auf die Zinsen,Taxi Schild muss entfernt werden,Beurkundung der Handelsregister Anmeldung durch einen Notar,Einreichung der Anmeldung beim Amtsgericht durch den Notar,Tunnelgebühren,Übernachtungskosten,höre Kraftstoffpreise,Spesen
Welche Rechtformzusatz ist bei Neueintragung von Einzelkaufleuten in das Handelsregister zwingend vorgeschrieben ?,Taxi Genehmigung der deutschen Genehmigungsbehörde,Stille Reserve ist der unterschied zwischen den Zeit und Restwert eines Anlageguts,Name und Zusatz eingetragener Kaufmann oder Kauffrau,Ständige Vorsicht und gegenseitige Rücksichtnahme,"Sich so verhalten dass kein anderer gefährdet, geschädigt behindert oder belästigt wird",Nach dem Bruttoverdienst,Der Halter,Addition alle Ausgaben
Ein amtlicher Handelsregister ist ein öffentliches Verzeichnis aller Kaufleute. Aufgrund des Verkehrsunfall haben Sie gegenüber bestimmten Behörden Meldepflichten. a)Nennen Sie 3 Stellen denen sie als Unternehmer den Unfall zu melden haben B)Innerhalb welche Fristen müssen Sie die jeweiligen Stellen über den Unfall informiert,—Genehmigungsbehörde Sofort,Berufsgenossenschaft Sofort,Meldungen eigene Kfz Haftpflicht Versicherung Innerhalb von 3 Tagen,Das Skonto ist ein prozentualer Nachlass vom Kaufpreis,Ansprüche aus einem Beförderungsvertrag verjähren nach 3 Jahre,"Die Verjährung beginnt mit dem Ende des Jahres, in dem der Anspruch entstanden ist",Nur an Bushaltestellen,—Lohnsteuerkarte des Arbeitnehmers
Für die Zeit in der ihr Taxi repariert wird- ist ein Fahrauftrag mit dem Mietwagen zu Einem Flughafen ins benachbarte Ausland fest vereinbart. Da ihnen der Auftrag zeitlich nicht passt- wollen Sie die Fahrt nicht machen. Der Fahrgast möchte aber unbedingt von Ihnen gefahren werden. Ist ihr Unternehmer verpflichtet den Fahr Auftrag selbst durchzuführen?,Sozialversicherungsbeitragstabelle,"Ja, der Beförderungsvertrag ist bereits abgeschlossen worden. Besteht der Fahrgast auf die Erfüllung des Vertrages, so haftet der Unternehmer dafür",Die Sicherheit und Leistungsfähigkeit des Betriebes muss gegeben sein,Taxi Tarif Ordnung,Politische und religiöse Werbung Ist an Taxen unzulässig,nein,50 kg,Besetztfahrten
Wie wäre die Situation bezüglich der weiterenförderung des Fahrgastes wenn sie mit ihrem Fahrzeug während der Beförderung im Ausland einem Unfall hätten,Vorauszahlung auf die Zinsen,Taxi Schild muss entfernt werden,—Bilaterale Abkommen,Der Unternehmer muss hier für die Möglichkeit der Weiterfahrt des Fahrgastes Sorgen.Der Unternehmer haftet dafür,Tunnelgebühren,Übernachtungskosten,höre Kraftstoffpreise,Spesen
Sie haben den Fahrauftrag ins Ausland durchgeführt. Auf dem Rückweg zum Betriebssitz noch vor der Grenze winkt sie ein Fahrgast heran und möchte nach Deutschland mitgenommen werden. Dürfen Sie ihn mitnehmen?,"Nein, Fahrgäste aus dem Ausland dürfen von dort nicht befördert werden",Stille Reserve ist der unterschied zwischen den Zeit und Restwert eines Anlageguts,Ja,Ständige Vorsicht und gegenseitige Rücksichtnahme,"Sich so verhalten dass kein anderer gefährdet, geschädigt behindert oder belästigt wird",Nach dem Bruttoverdienst,Der Halter,Addition alle Ausgaben
Welche der nachfolgenden ausgeführte Wirtschaftsgüter können Sie in einem Jahr Steuerrechtlich in voller Höhe als Betriebsausgaben absetzen,Ermittlung der Zahllast und Traglast,"Anlegen und führen von Lohnkosten, Lohnbuch",10 Jahre,—PC - Drucker im Wert von 149 €,Ansprüche aus einem Beförderungsvertrag verjähren nach 3 Jahre,"Die Verjährung beginnt mit dem Ende des Jahres, in dem der Anspruch entstanden ist",Nur an Bushaltestellen,—Lohnsteuerkarte des Arbeitnehmers
Was ist eine Lastschrift?,Sozialversicherungsbeitragstabelle,Max 6 Stunden,Die Sicherheit und Leistungsfähigkeit des Betriebes muss gegeben sein,Taxi Tarif Ordnung,Politische und religiöse Werbung Ist an Taxen unzulässig,"Anzeige, dass der Betrag vom Konto abgebucht ist",50 kg,Besetztfahrten
Was ist ein Gutschrift?,Vorauszahlung auf die Zinsen,Taxi Schild muss entfernt werden,—Bilaterale Abkommen,Mautgebühren,"Anzeige, dass der Betrag dem Konto gutgeschrieben ist",Übernachtungskosten,höre Kraftstoffpreise,Spesen
Was ist eine Überweisung?,Taxi Genehmigung der deutschen Genehmigungsbehörde,Stille Reserve ist der unterschied zwischen den Zeit und Restwert eines Anlageguts,"Anweisung, einen Geldbetrag von Konto an einem anderen Konto zu schicken",Ständige Vorsicht und gegenseitige Rücksichtnahme,"Sich so verhalten dass kein anderer gefährdet, geschädigt behindert oder belästigt wird",Nach dem Bruttoverdienst,Der Halter,Addition alle Ausgaben
Was ist eine Einzugsermächtigung ?,Ermittlung der Zahllast und Traglast,"Die Ermächtigung, bestimmte Forderungen vom Konto abbuchen zu lassen",10 Jahre,Das Skonto ist ein prozentualer Nachlass vom Kaufpreis,Ansprüche aus einem Beförderungsvertrag verjähren nach 3 Jahre,"Die Verjährung beginnt mit dem Ende des Jahres, in dem der Anspruch entstanden ist",Nur an Bushaltestellen,—Lohnsteuerkarte des Arbeitnehmers
Was ist ein Scheck ?,Sozialversicherungsbeitragstabelle,Max 6 Stunden,"Ist eine Einweisung an einem Geldinstitut, dem Überbringer des Schecks eine bestimmte Geldsumme auszuzahlen",Taxi Tarif Ordnung,Politische und religiöse Werbung Ist an Taxen unzulässig,nein,50 kg,Besetztfahrten
Was ist eine Barscheck?,Vorauszahlung auf die Zinsen,Taxi Schild muss entfernt werden,Kann man nur bei Konto führenden Banken einlösen und erhalten dort dann den Betrag als Bargeld sofort ausgezahlt,Mautgebühren,Tunnelgebühren,Übernachtungskosten,höre Kraftstoffpreise,Spesen
Sie bekommen einen gerichtlichen Mahnbescheid. Was tun Sie,Taxi Genehmigung der deutschen Genehmigungsbehörde,Prüfen ob der berechtigt ist. Wenn es richtig ist bezahlen. Wenn nicht innerhalb von 2 Wochen Widerspruch beim zuständigen Amtsgericht einlegen.,Ja,Ständige Vorsicht und gegenseitige Rücksichtnahme,"Sich so verhalten dass kein anderer gefährdet, geschädigt behindert oder belästigt wird",Nach dem Bruttoverdienst,Der Halter,Addition alle Ausgaben
Unter welcher Voraussetzung hat die Genehmigungsbehörde eine Genehmigung zu Widerrufen?,Wenn die Zuverlässigkeit des Unternehmers nicht mehr vorliegt,"Anlegen und führen von Lohnkosten, Lohnbuch",10 Jahre,Das Skonto ist ein prozentualer Nachlass vom Kaufpreis,Ansprüche aus einem Beförderungsvertrag verjähren nach 3 Jahre,"Die Verjährung beginnt mit dem Ende des Jahres, in dem der Anspruch entstanden ist",Nur an Bushaltestellen,—Lohnsteuerkarte des Arbeitnehmers
In welchem Fall unterliegt der Taxiunternehmer eine Beförderungspflicht?,Sozialversicherungsbeitragstabelle,Grundsätzlich nur für Fahrten innerhalb der Tarifgebietes,Die Sicherheit und Leistungsfähigkeit des Betriebes muss gegeben sein,Taxi Tarif Ordnung,Politische und religiöse Werbung Ist an Taxen unzulässig,nein,50 kg,Besetztfahrten
Was ist bei der Annahme und nach der Ausführung von Beförderungsaufträgen im Mietwagen Verkehr gemäß Personal Beförderungsgesetz zu beachten,Der Auftrag muss am Betriebssitz oder in der Wohnung des Unternehmers eingetragen sein,-Rückkehr zum Betriebssitz Ausnahme Funk Auftrag,Buchmäßige Erfassung des Eingangs des Beförderungsauftrages (Aufbewahrungsfrist 1 Jahr),Mautgebühren,Tunnelgebühren,Übernachtungskosten,höre Kraftstoffpreise,Spesen
Kann ein Unternehmer bei Personenbeförderungen die Haftung ausschließen oder begrenzen ? Bei Personenschäden ?,Nein,Stille Reserve ist der unterschied zwischen den Zeit und Restwert eines Anlageguts,Ja,Ständige Vorsicht und gegenseitige Rücksichtnahme,"Sich so verhalten dass kein anderer gefährdet, geschädigt behindert oder belästigt wird",Nach dem Bruttoverdienst,Der Halter,Addition alle Ausgaben
Kann ein Unternehmer bei Personenbeförderungen die Haftung ausschließen oder begrenzen? Bei Sachschäden ?,Ermittlung der Zahllast und Traglast,Ja,10 Jahre,Das Skonto ist ein prozentualer Nachlass vom Kaufpreis,Ansprüche aus einem Beförderungsvertrag verjähren nach 3 Jahre,"Die Verjährung beginnt mit dem Ende des Jahres, in dem der Anspruch entstanden ist",Nur an Bushaltestellen,—Lohnsteuerkarte des Arbeitnehmers
Nennen Sie 4 Preiselemente- aus denen sich der Fahrpreis bei Taxi zusammensetzt?,Sozialversicherungsbeitragstabelle,Grundgebühr,Wartezeit,KM Preis,Zuschläge,nein,50 kg,Besetztfahrten
Wenn der Besteller eine Taxis die Fahrt nicht antritt- muss diese dann den Taxifahrern die vergebliche Anfahrt bezahlen,Nein,Taxi Schild muss entfernt werden,—Bilaterale Abkommen,Mautgebühren,Tunnelgebühren,Übernachtungskosten,höre Kraftstoffpreise,Spesen
Was ist eine Bilanz?,Taxi Genehmigung der deutschen Genehmigungsbehörde,Stille Reserve ist der unterschied zwischen den Zeit und Restwert eines Anlageguts,Vermögensübersicht für das ganze Jahr,Ständige Vorsicht und gegenseitige Rücksichtnahme,"Sich so verhalten dass kein anderer gefährdet, geschädigt behindert oder belästigt wird",Nach dem Bruttoverdienst,Der Halter,Addition alle Ausgaben
Erläutern Sie die wesentlichen Merkmale einer Gewinn und Verlust Rechnung?,Ermittlung der Zahllast und Traglast,"Die Gewinn und Verlust ist die Darstellung alle Aufwendungen und Erlöse für einen bestimmten Zeitraum, in der Regel für 1 Jahr, zur Ermittlung des Erfolges eines Unternehmens",10 Jahre,Das Skonto ist ein prozentualer Nachlass vom Kaufpreis,Ansprüche aus einem Beförderungsvertrag verjähren nach 3 Jahre,"Die Verjährung beginnt mit dem Ende des Jahres, in dem der Anspruch entstanden ist",Nur an Bushaltestellen,—Lohnsteuerkarte des Arbeitnehmers
Welche Pflichtversicherungen bestehen für ein Personenverkehrunternehmen ?,Sozialversicherungsbeitragstabelle,Kfz Haftpflicht und Unfallversicherung,Die Sicherheit und Leistungsfähigkeit des Betriebes muss gegeben sein,Taxi Tarif Ordnung,Politische und religiöse Werbung Ist an Taxen unzulässig,nein,50 kg,Besetztfahrten
Kann die Kfz Haftpflicht Versicherung die Regulierung von festgestellten Schäden gegenüber Dritten verweigern?,Nein aber der Schädiger kann unter Umständen in Regress genommen werden,bei Vermögensschädenansprüchen aus einem Unfall usw.,—Bilaterale Abkommen,Mautgebühren,Tunnelgebühren,Übernachtungskosten,höre Kraftstoffpreise,Spesen
In welchen fällen tritt die Verkehrsrechtschutz Versicherung ein ?,Taxi Genehmigung der deutschen Genehmigungsbehörde,Bei Bußgeldbescheide,bei Führerscheinentzug,bei Vermögensschädenansprüchen aus einem Unfall usw.,"Sich so verhalten dass kein anderer gefährdet, geschädigt behindert oder belästigt wird",Nach dem Bruttoverdienst,Der Halter,Addition alle Ausgaben
Welche Maßnahmen muss ein Fahrer im Hinblick auf Fund Sachen ergreifen,Ermittlung der Zahllast und Traglast,"Nach Beendigung jeder Fahrt ist zu prüfen, ob Gegenstände zurückgeblieben sind",10 Jahre,Das Skonto ist ein prozentualer Nachlass vom Kaufpreis,Ansprüche aus einem Beförderungsvertrag verjähren nach 3 Jahre,"Die Verjährung beginnt mit dem Ende des Jahres, in dem der Anspruch entstanden ist",Nur an Bushaltestellen,—Lohnsteuerkarte des Arbeitnehmers
In welchem Zeitabstand ist die Hauptuntersuchung eines Taxis oder Mittwagen anfällig?,Sozialversicherungsbeitragstabelle,Max 6 Stunden,1 Jahr,Taxi Tarif Ordnung,Politische und religiöse Werbung Ist an Taxen unzulässig,nein,50 kg,Besetztfahrten
Welche Voraussetzungen muss erfüllt sein- um ein Taxi auf einem Taxi Platz einer Gemeinde bereit halten zu dürfen,Der Taxi Platz muss innerhalb des Betriebssitz Gemeinde des Unternehmers liegen,Taxi Schild muss entfernt werden,—Bilaterale Abkommen,Mautgebühren,Tunnelgebühren,Übernachtungskosten,höre Kraftstoffpreise,Spesen
In welchem Fall musst du ein Taxischild beleuchtet sein ?,Taxi Genehmigung der deutschen Genehmigungsbehörde,Wenn du Taxi innerhalb des Pflichtfahrgebietes unterwegs ist und zur Benutzung frei ist.,Ja,Ständige Vorsicht und gegenseitige Rücksichtnahme,"Sich so verhalten dass kein anderer gefährdet, geschädigt behindert oder belästigt wird",Nach dem Bruttoverdienst,Der Halter,Addition alle Ausgaben
Sie sind mehr als 4 Jahre Taxiunternehmen und wollen einen 40-jährigen Mitarbeiter mit einem befristeten Vertrag einstellen. Einen sachlichen Grund für die Befristung haben sie nicht. Auf welchem Zeitraum dürfen Sie denn noch das Arbeitsverhältnis befristet,Max. 2 Jahre,"Anlegen und führen von Lohnkosten, Lohnbuch",10 Jahre,Das Skonto ist ein prozentualer Nachlass vom Kaufpreis,Ansprüche aus einem Beförderungsvertrag verjähren nach 3 Jahre,"Die Verjährung beginnt mit dem Ende des Jahres, in dem der Anspruch entstanden ist",Nur an Bushaltestellen,—Lohnsteuerkarte des Arbeitnehmers
Wer ist für die Betriebs und Verkehrssicherheit des Fahrzeugs und den Vorschriftsmäßigen Einsatz verantwortlich,Der Fahrzeugführer und der Fahrzeughalter,Max 6 Stunden,Die Sicherheit und Leistungsfähigkeit des Betriebes muss gegeben sein,Taxi Tarif Ordnung,Politische und religiöse Werbung Ist an Taxen unzulässig,nein,50 kg,Besetztfahrten
Sie kontrollieren zu Beginn ihrer Schicht ihr Taxi. Was müssen sie vor dem Abfahrt in Bezug auf die Verkehrssicherheit prüfen,Bremsen,Bereifung,Beleuchtung,Mautgebühren,—ordnungsgemäße Befestigung der dachleuchte,Übernachtungskosten,höre Kraftstoffpreise,Spesen
Der Unternehmer ist verpflichtet- seine Mitarbeiter über die für seinen Betrieb bestehende Unfallverhütungsvorschriften zu informieren. In welcher Form hat dies zu geschehen?,—Der Unternehmer hat die für sein Unternehmen geltenden Unfallverhütungsvorschriften an geeigneter Stelle anzulegen.,—Den mit der Durchführung der Unfallverhütung Betrauten Personen sind die Arbeitsschutz und Unfallverhütungsvorschriften auszuhändigen soweit sie Ihren Arbeitsbereich betreffen,Ja,Der Unternehmer hat die Versicherten über die bei Ihnen Tätigkeiten auf treffenden Gefahren vor Beschäftigung min .Einmal im Jahr zu informieren.,"Sich so verhalten dass kein anderer gefährdet, geschädigt behindert oder belästigt wird",Nach dem Bruttoverdienst,Der Halter,Addition alle Ausgaben
Nennen Sie 3 Maßnahmen des Umweltschutzes- die sie bei der Wartung von Kraftfahrzeugen beachten sollen?,Ermittlung der Zahllast und Traglast,Altöl fachgerecht entsorgen,kein Auto Batterien an der Hausmüll werfen,Das Skonto ist ein prozentualer Nachlass vom KaufpreisEinleiten von Öl oder fetthaltigen Wasser in die Kanalisierung vermeiden,Ansprüche aus einem Beförderungsvertrag verjähren nach 3 Jahre,"Die Verjährung beginnt mit dem Ende des Jahres, in dem der Anspruch entstanden ist",Nur an Bushaltestellen,—Lohnsteuerkarte des Arbeitnehmers
Besitz- Erwerb- Verteilung ein und Ausfuhr von Rauschgiften aller Art werden in allen Ländern strafrechtlich verfolgt. Welche Hinweise geben Sie Ihren Fahrer?,Lehnen Sie den Kauf und die Beförderung von Rauschgift ab.,"Befördern sie weder Briefe noch Päckchen aus Gefälligkeit oder gegen Kosten Ersatz, wenn sie den Verdacht haben könnten dass etwas nicht stimmt.",achten Sie auf Ihr Gepäck und das Fahrzeug,Bei Schwierigkeiten informieren Sie sofort die Deutsche Auslandsvertretung oder Polizei,Politische und religiöse Werbung Ist an Taxen unzulässig,nein,50 kg,Besetztfahrten
Mit welchen Genehmigungen können grenzüberschreitende Beförderungen mit Taxi und Mietwagen durchgeführt werden?,Vorauszahlung auf die Zinsen,Taxi und Mietwagen Genehmigung nach dem Personalbeförderungsgesetz,—Bilaterale Abkommen,Mautgebühren,Tunnelgebühren,Übernachtungskosten,höre Kraftstoffpreise,Spesen
Sie haben einen Auftrag in das benachbarte Ausland angenommen. Wo können Sie nachlesen unter welchen Bedingungen sie Geretzüberschreitende Personenverkehre mit einem PKW dorthin durchführen dürfen?,Bilaterale Vereinbarungen,Stille Reserve ist der unterschied zwischen den Zeit und Restwert eines Anlageguts,Ja,Ständige Vorsicht und gegenseitige Rücksichtnahme,"Sich so verhalten dass kein anderer gefährdet, geschädigt behindert oder belästigt wird",Nach dem Bruttoverdienst,Der Halter,Addition alle Ausgaben
Sie haben einen Auftrag in das benachbarte Ausland angenommen. Wo und wie können Sie sich schnell und zuverlässig vergewissern welche besonderen Verkehrsvorschriften dort gelten?,An der Grenze die Informationstafel lesen,"Anlegen und führen von Lohnkosten, Lohnbuch",—Grenzbeamte oder Adac fragen,Blick in ein Handbuch,Ansprüche aus einem Beförderungsvertrag verjähren nach 3 Jahre,"Die Verjährung beginnt mit dem Ende des Jahres, in dem der Anspruch entstanden ist",Nur an Bushaltestellen,—Lohnsteuerkarte des Arbeitnehmers
Eine Vermittlungszentrale gib einen Fahrauftrag fehlerhaft weiter- wer haftet und warum?,Der Betreiber der Vermittlungszentrale aus den Vermittlungsvertrag,Max 6 Stunden,Die Sicherheit und Leistungsfähigkeit des Betriebes muss gegeben sein,Taxi Tarif Ordnung,Politische und religiöse Werbung Ist an Taxen unzulässig,nein,50 kg,Besetztfahrten
Was muss der Fahrer gemäß Unfallverhütungsvorschriften beim Reifenwechsel im Gefahrenbereich des fließenden Verkehrs auf öffentlichen Straßen achten,Anlegen von Warnkleidung,Taxi Schild muss entfernt werden,—Bilaterale Abkommen,Mautgebühren,Tunnelgebühren,Übernachtungskosten,höre Kraftstoffpreise,Spesen
Die Fahrten des Frauennachttaxi soll nicht nach Taximeter abgerechnet werden. Vorgesehen ist ein Zonentarif. Unter welchen Voraussetzungen ist das zulässig,"-Es muss ein bestimmter Zeitraum, eine Mindestfahrten Zahl oder einen Mindestumsatz im Monat festgelegt werden.",Die örtliche Verordnung über die Beförderungsentgelte musst eine Pflicht zur Genehmigung oder Anzeige von Sondervereinbarung Versehen.,Ja,Die Ordnung der Verkehrsmarktes darf nicht gestört werden.,—Der Sondertarif muss schriftlich vereinbart werden.,Nach dem Bruttoverdienst,Der Halter,Addition alle Ausgaben
Wegen der hören Arbeitsanfalls möchten Sie den Aushilfsfahrer- der 2 Jahre bei Ihnen beschäftigt ist- kündigen und den Arbeitsplatz mit einer Vollzeitarbeitskraft besetzen. Welche gesetzliche Kündigungsfrist müssen sie einhalten?,4 Wochen zum 15. des Monats oder Monatsende.,"Anlegen und führen von Lohnkosten, Lohnbuch",10 Jahre,Das Skonto ist ein prozentualer Nachlass vom Kaufpreis,Ansprüche aus einem Beförderungsvertrag verjähren nach 3 Jahre,"Die Verjährung beginnt mit dem Ende des Jahres, in dem der Anspruch entstanden ist",Nur an Bushaltestellen,—Lohnsteuerkarte des Arbeitnehmers
Sie sind sich nicht sicher- ob die Gemeinde das Frauennachttaxi langfristig anbieten wird. Deshalb möchten Sie einen 35- jährigen Fahrer zum 1. Januar zunächst befristet bis zum 31. Dezember des selben Jahres einstellen. Können Sie das befristete Arbeitsverhältnis danach verlängern und wenn ja wie lange höchstens?,Ja ich kann das Arbeitsverhältnis danach noch 1 Jahr verlängern also insgesamt 2 Jahre,Max 6 Stunden,Die Sicherheit und Leistungsfähigkeit des Betriebes muss gegeben sein,Taxi Tarif Ordnung,Politische und religiöse Werbung Ist an Taxen unzulässig,nein,50 kg,Besetztfahrten
Welche Zuschläge sollten Sie bei der Kalkulation der Personalkosten beachten?,Vorauszahlung auf die Zinsen,Taxi Schild muss entfernt werden,—Bilaterale Abkommen,Sonntag und Feiertagszuschläge,Nachtzuschläge,Übernachtungskosten,höre Kraftstoffpreise,Überstundenzuschläge
Welche Ausrüstung muss ein Taxi haben?,Taxi Genehmigung der deutschen Genehmigungsbehörde,Stille Reserve ist der unterschied zwischen den Zeit und Restwert eines Anlageguts,2 Türen rechten Längsseite,Taximeter,Alarmanlage,Ordnungsnummer,Taxischild,Unternehmerschild
Welche Unterlagen müssen der Kfz Zulassungsstelle nach der StVOZ Zur Zulassung ihres zusätzlichen Taxis Neufahrzeug vor gelegt werden,Gewerbeanmeldung,Fahrzeugbrief,10 Jahre,—Personalausweis (Pass),Versicherungsbestätigungskarte,"Die Verjährung beginnt mit dem Ende des Jahres, in dem der Anspruch entstanden ist",Nur an Bushaltestellen,—Lohnsteuerkarte des Arbeitnehmers
Welche Unterlagen müssen nach der Zulassung der Genehmigungsbehörde vor gelegt werden- damit das Fahrzeug in die Genehmigungsurkunde eingetragen wird.,Bestätigung der nach BOKraft erforderlichen Taxi Ausstattung,—Eichbescheinigung für den Taxameter,Die Sicherheit und Leistungsfähigkeit des Betriebes muss gegeben sein,Taxi Tarif Ordnung,Politische und religiöse Werbung Ist an Taxen unzulässig,nein,50 kg,Besetztfahrten
Womit muss ein Fahrzeugwaschplatz aus Umweltgründen nach dem Wasserhaushaltsgesetz ausgerüstet sein?,Vorauszahlung auf die Zinsen,—Mit einem Ölabscheider,—Bilaterale Abkommen,Mautgebühren,Tunnelgebühren,Übernachtungskosten,höre Kraftstoffpreise,Spesen
Ihre Standortgemeinde liegt in der Nähe der Grenze zu einem europäischen Nachbarstaat. In der nächgelegene ausländischen Stadt befindet sich eine beliebige Diskothek. Immer wieder erhalten Sie im Rahmen ihrer Frauennachttaxis anfragen für Fahraufträge zu der Diskothek bzw. von dort wieder zurück nach Deutschland. Da sie diese im Rahmen des Frauennachttaxis nicht durchführen. Setzen Sie hier für ihre Mietwagen ein. Benötigen Sie für diese Fahrten mit dem Mietwagen eine zusätzliche Genehmigung- die sie berechtigt Personenbeförderung ins Ausland durchzuführen?,Nein,Stille Reserve ist der unterschied zwischen den Zeit und Restwert eines Anlageguts,Ja,Ständige Vorsicht und gegenseitige Rücksichtnahme,"Sich so verhalten dass kein anderer gefährdet, geschädigt behindert oder belästigt wird",Nach dem Bruttoverdienst,Der Halter,Addition alle Ausgaben
Was müssen Sie in Bezug auf ihre Funkgerät beachten?,Ermittlung der Zahllast und Traglast,Es darf im Ausland nicht betriebsbereit sein,10 Jahre,Das Skonto ist ein prozentualer Nachlass vom Kaufpreis,Ansprüche aus einem Beförderungsvertrag verjähren nach 3 Jahre,"Die Verjährung beginnt mit dem Ende des Jahres, in dem der Anspruch entstanden ist",Nur an Bushaltestellen,—Lohnsteuerkarte des Arbeitnehmers
Welche Maßnahmen zur Beweissicherung sind bei Verkehrsunfällen ratsam?,Zeugen halten,Unfallprotokolle machen,Unfallberichte schreiben,Taxi Tarif Ordnung,Mängel,Feststellung,Skizzen,Spurensicherung
Ihr Fahrer wird in einem von Dritten verursachten Verkehrsunfall verwickelt. Welche 4. Punkte Musst die Unfallmeldung erhalten?,Vorauszahlung auf die Zinsen,—Wer meldet es,—was ist geschehen,—wie viel Verletzte,—wo ist der Unfall passiert,Übernachtungskosten,höre Kraftstoffpreise,Spesen
Nennen Sie 4 besonders zu entsorgende Abfälle- die in einem Verkehrsunternehmen entstehen können?,Taxi Genehmigung der deutschen Genehmigungsbehörde,Öle—Batteriesäure— Altreifen—Kühlflüssigkeit— Verdünner,Ja,Ständige Vorsicht und gegenseitige Rücksichtnahme,"Sich so verhalten dass kein anderer gefährdet, geschädigt behindert oder belästigt wird",Nach dem Bruttoverdienst,Der Halter,Addition alle Ausgaben
Welche Bedeutung hat die Grüne Versicherungskarte?,Ermittlung der Zahllast und Traglast,"Anlegen und führen von Lohnkosten, Lohnbuch",10 Jahre,"Sie dient als Nachweis im europäischen Ausland, dass für das Fahrzeug Versicherungsschutz besteht.",Ansprüche aus einem Beförderungsvertrag verjähren nach 3 Jahre,"Die Verjährung beginnt mit dem Ende des Jahres, in dem der Anspruch entstanden ist",Nur an Bushaltestellen,—Lohnsteuerkarte des Arbeitnehmers
Welche Unterlagen- Dokumente- Ausweise- Vorschriften müssen während des Betriebs eines Taxis mitgeführt werden?Nennen Sie 6,Genehmigungsschein,Führerschein,Fahrzeugschein,Personalbeförderungschein,Taxi Tarif Ordnung,Quittungen,Personalausweis,Sozialversicherungsausweis
In welchen Zeitabständen muss an einem Taxi oder Mietwagen eine Abgasuntersuchung vorgenommen werden?,Vorauszahlung auf die Zinsen,Taxi Schild muss entfernt werden,Alle 12 Monate,Mautgebühren,Tunnelgebühren,Übernachtungskosten,höre Kraftstoffpreise,Spesen
Wer haftet nach den Grundsätzen der Gefährdungshaftung für Schäden die durch Kfz Verursacht wird?,Taxi Genehmigung der deutschen Genehmigungsbehörde,Der Halter,Ja,Ständige Vorsicht und gegenseitige Rücksichtnahme,"Sich so verhalten dass kein anderer gefährdet, geschädigt behindert oder belästigt wird",Nach dem Bruttoverdienst,Der Halter,Addition alle Ausgaben
Was heißt ist Kaufmann?,Alle Kaufleute den Grundhandelgewerbe treiben und über einen eingerichteten Geschäftsbetrieb verfügen zum Beispiel einen Laden,"Anlegen und führen von Lohnkosten, Lohnbuch",10 Jahre,Das Skonto ist ein prozentualer Nachlass vom Kaufpreis,Ansprüche aus einem Beförderungsvertrag verjähren nach 3 Jahre,"Die Verjährung beginnt mit dem Ende des Jahres, in dem der Anspruch entstanden ist",Nur an Bushaltestellen,—Lohnsteuerkarte des Arbeitnehmers
Nennen Sie 3 Gesellschaftsformen ?,Einzelunternehmer,Personengesellschaft,Kapitalgesellschaft,Taxi Tarif Ordnung,Politische und religiöse Werbung Ist an Taxen unzulässig,nein,50 kg,Besetztfahrten
Nennen Sie drei Personengesellschaften?,GbR —Gesellschaft bürgerlichen Rechts Keine Eintragung im Handelsregister,"OHG —Offene Handelsgesellschaft, Eintragung im Handelsregister Gesamtschuld Haftung","KG —Kommanditgesellschaft, Haftet nur mit der Höhe der im Handelsregister eingetragen Einträge",Mautgebühren,Tunnelgebühren,Übernachtungskosten,höre Kraftstoffpreise,Spesen
Nennen Sie zwei Kapitalgesellschaften?,"GmbH Gesellschaft mit beschränkter Haftung , Mindeststammkapital 25.000 € 1 Gesellschafter",AG Aktien Gesellschaft Mindeststammkapital 50.000 € und 5 Aktionäre,Ja,Ständige Vorsicht und gegenseitige Rücksichtnahme,"Sich so verhalten dass kein anderer gefährdet, geschädigt behindert oder belästigt wird",Nach dem Bruttoverdienst,Der Halter,Addition alle Ausgaben
Was ist der Vorteil einer GmbH?,Ermittlung der Zahllast und Traglast,"Anlegen und führen von Lohnkosten, Lohnbuch",Die private Haftung fällt weg man kann sich als Geschäftsführer einstellen.,Das Skonto ist ein prozentualer Nachlass vom Kaufpreis,Ansprüche aus einem Beförderungsvertrag verjähren nach 3 Jahre,"Die Verjährung beginnt mit dem Ende des Jahres, in dem der Anspruch entstanden ist",Nur an Bushaltestellen,—Lohnsteuerkarte des Arbeitnehmers
Welche Beiträge kann im Jahr der Anschaffung voll abgeschrieben werden?,—Wagenheber 149 €,Max 6 Stunden,Die Sicherheit und Leistungsfähigkeit des Betriebes muss gegeben sein,Taxi Tarif Ordnung,Politische und religiöse Werbung Ist an Taxen unzulässig,nein,50 kg,Besetztfahrten
Was verstehen Sie unter geringwertigen Wirtschaftsgüter ?,Vorauszahlung auf die Zinsen,Anschaffungen bis 150 € netto können Sie im Jahr der Anschaffung abgeschrieben werden,—Bilaterale Abkommen,Mautgebühren,Tunnelgebühren,Übernachtungskosten,höre Kraftstoffpreise,Spesen
Was bedeutet das Bilaterale Abkommen?,Ein Abkommen zwischen zwei Staaten (Länder),Stille Reserve ist der unterschied zwischen den Zeit und Restwert eines Anlageguts,Ja,Ständige Vorsicht und gegenseitige Rücksichtnahme,"Sich so verhalten dass kein anderer gefährdet, geschädigt behindert oder belästigt wird",Nach dem Bruttoverdienst,Der Halter,Addition alle Ausgaben
Wie lange ist die Verjährungsfrist bei Forderungen aus einer Personenbeförderung wegen eines Schadens?,Ansprüche aus einem Beförderungsvertrag verjährt nach 3 Jahren,"Anlegen und führen von Lohnkosten, Lohnbuch",10 Jahre,Das Skonto ist ein prozentualer Nachlass vom Kaufpreis,Ansprüche aus einem Beförderungsvertrag verjähren nach 3 Jahre,"Die Verjährung beginnt mit dem Ende des Jahres, in dem der Anspruch entstanden ist",Nur an Bushaltestellen,—Lohnsteuerkarte des Arbeitnehmers
Wann beginnt die Verjährungsfrist?,"Die Verjährung beginnt mit dem Ende des Jahres, in dem der Anspruch entstanden ist",Max 6 Stunden,Die Sicherheit und Leistungsfähigkeit des Betriebes muss gegeben sein,Taxi Tarif Ordnung,Politische und religiöse Werbung Ist an Taxen unzulässig,nein,50 kg,Besetztfahrten
Wie wirkt sich die Abschreibung in der Erfolgsrechnung aus?,—Reduziert den Gewinn,Taxi Schild muss entfernt werden,—Bilaterale Abkommen,Mautgebühren,Tunnelgebühren,Übernachtungskosten,höre Kraftstoffpreise,Spesen
Zu welchem Zweck darf ein Taxi in zweiter Reihe halten?,Um Fahrgäste ein oder aussteigen zu lassen.Wenn es der Verkehrslage zulässt,Stille Reserve ist der unterschied zwischen den Zeit und Restwert eines Anlageguts,Ja,Ständige Vorsicht und gegenseitige Rücksichtnahme,"Sich so verhalten dass kein anderer gefährdet, geschädigt behindert oder belästigt wird",Nach dem Bruttoverdienst,Der Halter,Addition alle Ausgaben
Welche Mindestalter muss für die Erteilung der Fahrerlaubnis zu Fahrgastbeförderung erreicht sein,Ermittlung der Zahllast und Traglast,—21 Jahre,10 Jahre,Das Skonto ist ein prozentualer Nachlass vom Kaufpreis,Ansprüche aus einem Beförderungsvertrag verjähren nach 3 Jahre,"Die Verjährung beginnt mit dem Ende des Jahres, in dem der Anspruch entstanden ist",Nur an Bushaltestellen,—Lohnsteuerkarte des Arbeitnehmers
Wie wird in der Regel das Umlaufvermögen finanziert?,Sozialversicherungsbeitragstabelle,-Durch kurzfristige Kredite,Die Sicherheit und Leistungsfähigkeit des Betriebes muss gegeben sein,Taxi Tarif Ordnung,Politische und religiöse Werbung Ist an Taxen unzulässig,nein,50 kg,Besetztfahrten
Welchen Zweck dient ein Eigentumsvorbehalt?,Vorauszahlung auf die Zinsen,Bei Warenkredite z.B Ratenkauf,—Bilaterale Abkommen,Mautgebühren,Tunnelgebühren,Übernachtungskosten,höre Kraftstoffpreise,Spesen
Was bedeutet betriebswirtschaftliche Abschreibung?,Taxi Genehmigung der deutschen Genehmigungsbehörde,Mit der Abschreibung soll die Wertminderung eines Wirtschaftsgutes gleichmäßig auf die Nutzungsdauer verteilt werden,Ja,Ständige Vorsicht und gegenseitige Rücksichtnahme,"Sich so verhalten dass kein anderer gefährdet, geschädigt behindert oder belästigt wird",Nach dem Bruttoverdienst,Der Halter,Addition alle Ausgaben
Was bedeutet Buchwert?,Ermittlung der Zahllast und Traglast,Unter Buchwert versteht man den Wert eines Wirtschaftsgutes am Ende einer Abrechnungsperiode nach Abzug der Abschreibung,10 Jahre,Das Skonto ist ein prozentualer Nachlass vom Kaufpreis,Ansprüche aus einem Beförderungsvertrag verjähren nach 3 Jahre,"Die Verjährung beginnt mit dem Ende des Jahres, in dem der Anspruch entstanden ist",Nur an Bushaltestellen,—Lohnsteuerkarte des Arbeitnehmers
Was bedeutet stille Reserven?,Sozialversicherungsbeitragstabelle,Max 6 Stunden,"Eine stille Reserve entsteht dann, wenn die Abschreibung in ihrer Höhe über der tatsächliche Wertminderung liegen",Taxi Tarif Ordnung,Politische und religiöse Werbung Ist an Taxen unzulässig,nein,50 kg,Besetztfahrten
Nennen Sie 3 Schadensfälle für die die Teilkasko Versicherung eintritt?,Glasschäden,Wildschäden,—Bilaterale Abkommen,Brand,Tunnelgebühren,Diebstahl,höre Kraftstoffpreise,Spesen
Wann wird die amtliche Prüfplakette für eine durchgeführt Hauptuntersuchung ungültig ?,Mit Ablauf des auf der Plakette angegebenen Monats,Stille Reserve ist der unterschied zwischen den Zeit und Restwert eines Anlageguts,Ja,Ständige Vorsicht und gegenseitige Rücksichtnahme,"Sich so verhalten dass kein anderer gefährdet, geschädigt behindert oder belästigt wird",Nach dem Bruttoverdienst,Der Halter,Addition alle Ausgaben
Nennen Sie zwei von außen am Fahrzeug sichtbare Merkmale eines Taxis?,Ermittlung der Zahllast und Traglast,Taxischild und Ordnungsnummer,10 Jahre,Das Skonto ist ein prozentualer Nachlass vom Kaufpreis,Ansprüche aus einem Beförderungsvertrag verjähren nach 3 Jahre,"Die Verjährung beginnt mit dem Ende des Jahres, in dem der Anspruch entstanden ist",Nur an Bushaltestellen,—Lohnsteuerkarte des Arbeitnehmers
Unter welchen 3 Voraussetzungen dürfen in der Regel Tiere z.B Hunde ins Ausland mitgenommen werden?,Beißkorb,Leine,gültige Impf Papiere müssen vorhanden sein,Taxi Tarif Ordnung,Politische und religiöse Werbung Ist an Taxen unzulässig,nein,50 kg,Besetztfahrten
Gelten die Vorschriften des Arbeitszeitgesetzes auch für die Beförderung zwischen Deutschland und einem anderen Staat?,Ja,Taxi Schild muss entfernt werden,—Bilaterale Abkommen,Mautgebühren,Tunnelgebühren,Übernachtungskosten,höre Kraftstoffpreise,Spesen
Welche Vorschriften regeln den grenzüberschreitenden Verkehr zwischen Deutschland und Nachbarstaaten,Bilaterale Abkommen,Stille Reserve ist der unterschied zwischen den Zeit und Restwert eines Anlageguts,Ja,Ständige Vorsicht und gegenseitige Rücksichtnahme,"Sich so verhalten dass kein anderer gefährdet, geschädigt behindert oder belästigt wird",Nach dem Bruttoverdienst,Der Halter,Addition alle Ausgaben
Welche Genehmigung benötigen Sie- wenn seine Personalbeförderung in einem Nachbarstadt durchführen?,Ermittlung der Zahllast und Traglast,Taxi Genehmigung der deutschen Genehmigungsbehörde,10 Jahre,Das Skonto ist ein prozentualer Nachlass vom Kaufpreis,Ansprüche aus einem Beförderungsvertrag verjähren nach 3 Jahre,"Die Verjährung beginnt mit dem Ende des Jahres, in dem der Anspruch entstanden ist",Nur an Bushaltestellen,—Lohnsteuerkarte des Arbeitnehmers
Bei einer Verkehrskontrolle im Ausland wird festgestellt- dass das Nationalität Kennzeichen D an ihrem Mietwagen fehlt. Das Fahrzeug hat noch ein altes Kennzeichen ohne National Zeichen D darf der Kontrollbeamte dir ein Bußgeld verhängen?,Sozialversicherungsbeitragstabelle,Max 6 Stunden,Ja der darf Bußgeld verhängen,Taxi Tarif Ordnung,Politische und religiöse Werbung Ist an Taxen unzulässig,nein,50 kg,Besetztfahrten
Ein Mietwagen soll vor allem für Fahrten für ein Seniorenheim eingesetzt werden. Hierfür wollen Sie fahren zum Gelegenen Kurpark anbieten- einschließlich Kaffeetafel in einem von Ihnen ausgewählten Café und Gelegenheit zu Spaziergängen. Dürfen Sie solche Fahrten durchführen?,"Nein, das ist kein Mietwagen Verkehr war nicht der Fahrgast, sondern der Unternehmer Zweck.Ziel und Ablauf der Fahrten bestimmt, benötigt wird eine Genehmigung für Ausflugfahrten",Taxi Schild muss entfernt werden,—Bilaterale Abkommen,Mautgebühren,Tunnelgebühren,Übernachtungskosten,höre Kraftstoffpreise,Spesen
Ihr Taxi muss kurzfristig zu einer Inspektion in die Werkstatt. Dürfen Sie einen ihrer Mietwagen als Taxi einsetzen?,Nein für die Fahrzeuge liegen keine Taxigenehmigung vor,Stille Reserve ist der unterschied zwischen den Zeit und Restwert eines Anlageguts,Ja,Ständige Vorsicht und gegenseitige Rücksichtnahme,"Sich so verhalten dass kein anderer gefährdet, geschädigt behindert oder belästigt wird",Nach dem Bruttoverdienst,Der Halter,Addition alle Ausgaben
Was bedeutet UmlaufKapital ?,Ermittlung der Zahllast und Traglast,"Anlegen und führen von Lohnkosten, Lohnbuch",10 Jahre,"Umlaufkapital sind Gelder die inUmlauf sind wie Kreditkartenzahlungen, Krankenfahrten, Schecks, Rechnungsfahrten",Ansprüche aus einem Beförderungsvertrag verjähren nach 3 Jahre,"Die Verjährung beginnt mit dem Ende des Jahres, in dem der Anspruch entstanden ist",Nur an Bushaltestellen,—Lohnsteuerkarte des Arbeitnehmers
Wo muss der so genannte Mini Job angemeldet werden?,Sozialversicherungsbeitragstabelle,Max 6 Stunden,Die Sicherheit und Leistungsfähigkeit des Betriebes muss gegeben sein,Bei der Bundesknapschaft Sozial Beiträge werden pauschal 30 % Bundesknappschaft bezahlt,Politische und religiöse Werbung Ist an Taxen unzulässig,nein,50 kg,Besetztfahrten
Ein bei Ihnen bereits in Vollzeit fest angestellte Fahrer will Ihnen helfen und bietet Ihnen an- weitere 10 Stunden Verdienst als geringfügig Vediener Beschäftigte im Sinne der Sozialversicherungsrecht zu übernehmen dürfen Sie das Angebot annehmen,Nein Minijobs dürfen nicht bei dem selben Arbeitgeber ausgeübt werden,Taxi Schild muss entfernt werden,—Bilaterale Abkommen,Mautgebühren,Tunnelgebühren,Übernachtungskosten,höre Kraftstoffpreise,Spesen
Welche weitere Ausrüstungsgegenstände sollten außerdem in den Fahrzeugen vorhanden sein ?,Handlampe,Abschleppseil,Ersatzreifen,Wagenheber,Feuerlöscher,Schneeketten,Der Halter,Addition alle Ausgaben
Was ist BOKraft?,Ermittlung der Zahllast und Traglast,"Anlegen und führen von Lohnkosten, Lohnbuch",Betriebsordnungskraft,Das Skonto ist ein prozentualer Nachlass vom Kaufpreis,Ansprüche aus einem Beförderungsvertrag verjähren nach 3 Jahre,"Die Verjährung beginnt mit dem Ende des Jahres, in dem der Anspruch entstanden ist",Nur an Bushaltestellen,—Lohnsteuerkarte des Arbeitnehmers
Was regelt die BOKraft?,Sozialversicherungsbeitragstabelle,Max 6 Stunden,Die Verordnung über den Betrieb von kraftunternehmen im Personenverkehr,Taxi Tarif Ordnung,Politische und religiöse Werbung Ist an Taxen unzulässig,nein,50 kg,Besetztfahrten
Welche Signale muss ein Alarmanlage eines Taxis oder Mietwagens gegeben könne?,Alarm lässt Scheinwerfer und hintere Fahrtrichtungsanzeiger blinken und löst zusätzlich eine Intervallfolge von Huptönen aus.,Taxi Schild muss entfernt werden,—Bilaterale Abkommen,Mautgebühren,Tunnelgebühren,Übernachtungskosten,höre Kraftstoffpreise,Spesen
Welches Fahrzeug muss mit einem Wegstreckenzähler ausgerüstet sein?,Mietwagen,Stille Reserve ist der unterschied zwischen den Zeit und Restwert eines Anlageguts,Ja,Ständige Vorsicht und gegenseitige Rücksichtnahme,"Sich so verhalten dass kein anderer gefährdet, geschädigt behindert oder belästigt wird",Nach dem Bruttoverdienst,Der Halter,Addition alle Ausgaben
Wodurch kann man Kredite sichern ?,Ermittlung der Zahllast und Traglast,Hypothek,Bürgerschaften,Lebensversicherung,Ansprüche aus einem Beförderungsvertrag verjähren nach 3 Jahre,"Die Verjährung beginnt mit dem Ende des Jahres, in dem der Anspruch entstanden ist",Nur an Bushaltestellen,—Lohnsteuerkarte des Arbeitnehmers
Wozu dient im Taxigewerbe einen Beobachtungszeitraum nach dem Personal Beförderungsgesetz?,Taxidichte Kundenanfrage dauert ein Jahr,Max 6 Stunden,Die Sicherheit und Leistungsfähigkeit des Betriebes muss gegeben sein,Taxi Tarif Ordnung,Politische und religiöse Werbung Ist an Taxen unzulässig,nein,50 kg,Besetztfahrten
Der Angestellte Fahrer muss bei Kontrollen vorlegen können?,Führerschein,Personalbeförderungsscheins Personalausweis,—Bilaterale Abkommen,Mautgebühren,Tunnelgebühren,Wechselgeld 50 € Sozialversicherungsausweis,höre Kraftstoffpreise,Spesen
Was ist eine Umweltzone?,Taxi Genehmigung der deutschen Genehmigungsbehörde,"Ist ein räumliche Begrenztes gebiet, in dem nur Pkw und LKW mit einer bestimmten Abgasnorm unterwegs sein dürfen",Ja,Ständige Vorsicht und gegenseitige Rücksichtnahme,"Sich so verhalten dass kein anderer gefährdet, geschädigt behindert oder belästigt wird",Nach dem Bruttoverdienst,Der Halter,Addition alle Ausgaben
Wer zahlt die Umsatzsteuer?,Ermittlung der Zahllast und Traglast,Der Endverbraucher,10 Jahre,Das Skonto ist ein prozentualer Nachlass vom Kaufpreis,Ansprüche aus einem Beförderungsvertrag verjähren nach 3 Jahre,"Die Verjährung beginnt mit dem Ende des Jahres, in dem der Anspruch entstanden ist",Nur an Bushaltestellen,—Lohnsteuerkarte des Arbeitnehmers
Sind Kindersitze eine Ausrüstungsvorschrift?,Sozialversicherungsbeitragstabelle,Nein ist keine Vorschrift,Die Sicherheit und Leistungsfähigkeit des Betriebes muss gegeben sein,Taxi Tarif Ordnung,Politische und religiöse Werbung Ist an Taxen unzulässig,nein,50 kg,Besetztfahrten
Der Fahrgast bestellt bei Ihnen als Unternehmer telefonisch ein Taxi. Nennen Sie die Vertragsparteien. Und um welche Vertragsart handelt es sich ?,Unternehmer und Fahrgast Telefonisch ist ein mündliche Beförderungsvertrag,Taxi Schild muss entfernt werden,—Bilaterale Abkommen,Mautgebühren,Tunnelgebühren,Übernachtungskosten,höre Kraftstoffpreise,Spesen
Rückstellung für betriebliche Steuern ist ein ?,Taxi Genehmigung der deutschen Genehmigungsbehörde,Bestandskonto,Ja,Ständige Vorsicht und gegenseitige Rücksichtnahme,"Sich so verhalten dass kein anderer gefährdet, geschädigt behindert oder belästigt wird",Nach dem Bruttoverdienst,Der Halter,Addition alle Ausgaben
Zinszahlungen ist ein ?,Erfolgskonto,"Anlegen und führen von Lohnkosten, Lohnbuch",10 Jahre,Das Skonto ist ein prozentualer Nachlass vom Kaufpreis,Ansprüche aus einem Beförderungsvertrag verjähren nach 3 Jahre,"Die Verjährung beginnt mit dem Ende des Jahres, in dem der Anspruch entstanden ist",Nur an Bushaltestellen,—Lohnsteuerkarte des Arbeitnehmers
Aufnahme eines Bankdarlehens ist ein?,Sozialversicherungsbeitragstabelle,Bestandskonto,Die Sicherheit und Leistungsfähigkeit des Betriebes muss gegeben sein,Taxi Tarif Ordnung,Politische und religiöse Werbung Ist an Taxen unzulässig,nein,50 kg,Besetztfahrten
Umsätze aus vor Aufträgen ist ein?,Vorauszahlung auf die Zinsen,Taxi Schild muss entfernt werden,Erfolgskonto,Mautgebühren,Tunnelgebühren,Übernachtungskosten,höre Kraftstoffpreise,Spesen
Bei Haftpflicht Schäden ist der Verkehrsunternehmer durch Dritte- können neben Sachschäden und Personen Schäden Vermögen Schäden durch Nutzungsausfall entstehen. Welche Aussagen zum Vermögenschäden durch Nutzungsausfall sind richtig oder falsch?,Taxi Genehmigung der deutschen Genehmigungsbehörde,Nutzungsausfall Umsatz—richtig,Ja,Ständige Vorsicht und gegenseitige Rücksichtnahme,"Sich so verhalten dass kein anderer gefährdet, geschädigt behindert oder belästigt wird",Nach dem Bruttoverdienst,Der Halter,Addition alle Ausgaben
Der Verkehrsunternehmer ist verpflichtet den Schaden so gering wie möglich zu halten?,Ermittlung der Zahllast und Traglast,"Anlegen und führen von Lohnkosten, Lohnbuch",10 Jahre,Das Skonto ist ein prozentualer Nachlass vom Kaufpreis,Ansprüche aus einem Beförderungsvertrag verjähren nach 3 Jahre,Richtig,Nur an Bushaltestellen,—Lohnsteuerkarte des Arbeitnehmers
Die Nutzungsausfall wird ermittelt aus dem erzielte den im Vergleichszeitraum minus ersparter Aufwendung,Sozialversicherungsbeitragstabelle,Max 6 Stunden,Die Sicherheit und Leistungsfähigkeit des Betriebes muss gegeben sein,Taxi Tarif Ordnung,Politische und religiöse Werbung Ist an Taxen unzulässig,Richtig,50 kg,Besetztfahrten
Leistungsabhängige Fahrzeug Kosten zählen zu den ersparten Aufwendungen,Richtig,Taxi Schild muss entfernt werden,—Bilaterale Abkommen,Mautgebühren,Tunnelgebühren,Übernachtungskosten,höre Kraftstoffpreise,Spesen
Sie Unterweisen als Unternehmer ihre Fahrr in punkto Sicherheit? Welche drei Punkte besprechen Sie?,vorausschauend fahren,Anschnallpflicht,nicht mit Alkohol oder Drogen fahren,nicht über mühtet fahren,"Sich so verhalten dass kein anderer gefährdet, geschädigt behindert oder belästigt wird",Nach dem Bruttoverdienst,Der Halter,Addition alle Ausgaben
Welche Art des Kredits empfehlen Sie für ein langfristig genutztes Anlagevermögen ?,Ermittlung der Zahllast und Traglast,Langfristiger Kredit,10 Jahre,Das Skonto ist ein prozentualer Nachlass vom Kaufpreis,Ansprüche aus einem Beförderungsvertrag verjähren nach 3 Jahre,"Die Verjährung beginnt mit dem Ende des Jahres, in dem der Anspruch entstanden ist",Nur an Bushaltestellen,—Lohnsteuerkarte des Arbeitnehmers
Führen die kalkulatorischen Kosten in der Selbstkostenrechnung zu Ausgaben ?,Nein führen die nicht,Max 6 Stunden,Die Sicherheit und Leistungsfähigkeit des Betriebes muss gegeben sein,Taxi Tarif Ordnung,Politische und religiöse Werbung Ist an Taxen unzulässig,nein,50 kg,Besetztfahrten
Was bedeutet die Ausgleichskasse?,Vorauszahlung auf die Zinsen,Umlage 1 und Umlage 2,Umlageverfahren für Unternehmer mit bis zu 30 Angestellten,Mautgebühren,Tunnelgebühren,Übernachtungskosten,höre Kraftstoffpreise,Spesen
Umlage 1,Taxi Genehmigung der deutschen Genehmigungsbehörde,Lohnfortzahlung im Krankheitsfalle,Ja,Ständige Vorsicht und gegenseitige Rücksichtnahme,"Sich so verhalten dass kein anderer gefährdet, geschädigt behindert oder belästigt wird",Nach dem Bruttoverdienst,Der Halter,Addition alle Ausgaben
Umlage 2,Ermittlung der Zahllast und Traglast,"Anlegen und führen von Lohnkosten, Lohnbuch",Lohnfortzahlung bei Schwangerschaften,Das Skonto ist ein prozentualer Nachlass vom Kaufpreis,Ansprüche aus einem Beförderungsvertrag verjähren nach 3 Jahre,"Die Verjährung beginnt mit dem Ende des Jahres, in dem der Anspruch entstanden ist",Nur an Bushaltestellen,—Lohnsteuerkarte des Arbeitnehmers
Wie kann man Reifenverschleiß verhindern?,Sozialversicherungsbeitragstabelle,Richtiger Reifendruck,richtige spureinstellung,schonende Fahrweise,Politische und religiöse Werbung Ist an Taxen unzulässig,nein,50 kg,Besetztfahrten
Woran können Sie erkennen dass der Taximeter geeicht ist?,An der Eichplakette,Taxi Schild muss entfernt werden,—Bilaterale Abkommen,Mautgebühren,Tunnelgebühren,Übernachtungskosten,höre Kraftstoffpreise,Spesen
Ein Bewerber um eine Genehmigung für den Taxi Verkehr erfüllt alle subjektiven Berufszugangsvoraussetzungen und hat seinen Antrag früher als andere Bewerber gestellt. In welchen fällen erhält er nach Personal Beförderungsgesetz bei Neuerteilung von Taxigenehmigung dennoch keine Taxikonzession?,—Nachrangige Bewerbung,—Eintragung im Gewerbezentralregister,Ja,wenn er in den letzten acht Jahren Unternehmen verkauft hat,"Sich so verhalten dass kein anderer gefährdet, geschädigt behindert oder belästigt wird",Nach dem Bruttoverdienst,Der Halter,Addition alle Ausgaben
Welche Steuer ist bei der Kostenrechnung des Fahrzeugs relevant?,Ermittlung der Zahllast und Traglast,Das Kfz Steuer,10 Jahre,Das Skonto ist ein prozentualer Nachlass vom Kaufpreis,Ansprüche aus einem Beförderungsvertrag verjähren nach 3 Jahre,"Die Verjährung beginnt mit dem Ende des Jahres, in dem der Anspruch entstanden ist",Nur an Bushaltestellen,—Lohnsteuerkarte des Arbeitnehmers
Nennen Sie die einfachste Art der Buchführung?,Sozialversicherungsbeitragstabelle,Max 6 Stunden,Das Kassenbuch,Taxi Tarif Ordnung,Politische und religiöse Werbung Ist an Taxen unzulässig,nein,50 kg,Besetztfahrten
Welche Schäden werden durch eine Betriebshaftpflicht abgedeckt?,Vorauszahlung auf die Zinsen,Schäden die gegen den Betrieb gelten gemacht werden,—Bilaterale Abkommen,Mautgebühren,Tunnelgebühren,Übernachtungskosten,höre Kraftstoffpreise,Spesen
Braucht man bei Fahrten ins Ausland eine zusätzliche Genehmigung?,Taxi Genehmigung der deutschen Genehmigungsbehörde,Je nach Bilateralen Abkommen,Ja,Ständige Vorsicht und gegenseitige Rücksichtnahme,"Sich so verhalten dass kein anderer gefährdet, geschädigt behindert oder belästigt wird",Nach dem Bruttoverdienst,Der Halter,Addition alle Ausgaben
Sie kaufen ein neues Auto. Welche Konto ist in der Buchhaltung betroffen,Ermittlung der Zahllast und Traglast,Bestandskonto,10 Jahre,Das Skonto ist ein prozentualer Nachlass vom Kaufpreis,Ansprüche aus einem Beförderungsvertrag verjähren nach 3 Jahre,"Die Verjährung beginnt mit dem Ende des Jahres, in dem der Anspruch entstanden ist",Nur an Bushaltestellen,—Lohnsteuerkarte des Arbeitnehmers
Sind sie zum Erstellen einer Dienstanweisung verpflichtet?,Sozialversicherungsbeitragstabelle,Max 6 Stunden,Nein bin ich nicht,Taxi Tarif Ordnung,Politische und religiöse Werbung Ist an Taxen unzulässig,nein,50 kg,Besetztfahrten
Ab wann muss die Arbeitszeitbuch Geführt werden und wie lange ist das aufzubewahren?,Vorauszahlung auf die Zinsen,Bei einer Arbeitszeit von mehr als 8 Stunden und ist 2 Jahre aufzubewahren,—Bilaterale Abkommen,Mautgebühren,Tunnelgebühren,Übernachtungskosten,höre Kraftstoffpreise,Spesen
Sie kommen zu einer Vorbestellung zu spät- weil ihnen die Taxizentrale die falsche Uhrzeit genannt hat. Wer haftet ? Und warum ?,Die Taxizentrale weil sie hat ihre vertraglichen Pflichten nicht eingehalten,Stille Reserve ist der unterschied zwischen den Zeit und Restwert eines Anlageguts,Ja,Ständige Vorsicht und gegenseitige Rücksichtnahme,"Sich so verhalten dass kein anderer gefährdet, geschädigt behindert oder belästigt wird",Nach dem Bruttoverdienst,Der Halter,Addition alle Ausgaben
Zu welchem Steuersatz muss ein Unternehmer sein Trinkgeld versteuern?,Ermittlung der Zahllast und Traglast,Je nach erbrachter Leistung mit 7 % oder 19 %,10 Jahre,Das Skonto ist ein prozentualer Nachlass vom Kaufpreis,Ansprüche aus einem Beförderungsvertrag verjähren nach 3 Jahre,"Die Verjährung beginnt mit dem Ende des Jahres, in dem der Anspruch entstanden ist",Nur an Bushaltestellen,—Lohnsteuerkarte des Arbeitnehmers
Was muss jedes Taxi und Mietwagen auf der rechten Seite haben?,Zwei Türen—rechter Außenspiegel,Max 6 Stunden,Die Sicherheit und Leistungsfähigkeit des Betriebes muss gegeben sein,Taxi Tarif Ordnung,Politische und religiöse Werbung Ist an Taxen unzulässig,nein,50 kg,Besetztfahrten
Was verstehen Sie unter Sicherungsübereignung? Für welche Kredite werden Sie verwendet,Hinterlegung von Sicherheiten zur Absicherung von Darlehen Krediten zum Beispiel Zulassungsbescheinigung Teil 2 bei Autofinanzierung - verwendet für Darlehen Kredite,Taxi Schild muss entfernt werden,—Bilaterale Abkommen,Mautgebühren,Tunnelgebühren,Übernachtungskosten,höre Kraftstoffpreise,Spesen
Welche Vorteile haben Sie bei der Anstellung eines Fahrers auf Probezeit?,Taxi Genehmigung der deutschen Genehmigungsbehörde,—Kürzere Kündigungsfristen,Ja,—Kündigung ohne Angaben von Gründen möglich,"Sich so verhalten dass kein anderer gefährdet, geschädigt behindert oder belästigt wird",Nach dem Bruttoverdienst,Der Halter,Addition alle Ausgaben
In welcher Verordnung wird der Pflichtfallgebiet des Taxis geregelt?,Ermittlung der Zahllast und Traglast,—Taxitarifordnung,10 Jahre,Das Skonto ist ein prozentualer Nachlass vom Kaufpreis,Ansprüche aus einem Beförderungsvertrag verjähren nach 3 Jahre,"Die Verjährung beginnt mit dem Ende des Jahres, in dem der Anspruch entstanden ist",Nur an Bushaltestellen,—Lohnsteuerkarte des Arbeitnehmers
Ihr Fahrer bekommt Fahraufträge Schulkinder zu befördern. Welche Regelungen bestehen aus Straßenverkehrslicher Sicht,Anschnallpflicht,—Kindersitze für alle Kinder,Die Sicherheit und Leistungsfähigkeit des Betriebes muss gegeben sein,Taxi Tarif Ordnung,Politische und religiöse Werbung Ist an Taxen unzulässig,nein,50 kg,Besetztfahrten
In welchen Situationen sind Warnkleidung zu benutzen?,Vorauszahlung auf die Zinsen,Bei Unfall oder Panne,—Bilaterale Abkommen,Mautgebühren,Tunnelgebühren,Übernachtungskosten,höre Kraftstoffpreise,Spesen
Wo ist Warnkleidung geregelt?,Taxi Genehmigung der deutschen Genehmigungsbehörde,Bei Straßenverkehrsordnung STVO,Ja,Ständige Vorsicht und gegenseitige Rücksichtnahme,"Sich so verhalten dass kein anderer gefährdet, geschädigt behindert oder belästigt wird",Nach dem Bruttoverdienst,Der Halter,Addition alle Ausgaben
Wie hoch muss das Stammkapital einer Unternehmergesellschaft mindestens sein?,Ermittlung der Zahllast und Traglast,1 Euro,10 Jahre,Das Skonto ist ein prozentualer Nachlass vom Kaufpreis,Ansprüche aus einem Beförderungsvertrag verjähren nach 3 Jahre,"Die Verjährung beginnt mit dem Ende des Jahres, in dem der Anspruch entstanden ist",Nur an Bushaltestellen,—Lohnsteuerkarte des Arbeitnehmers
Sie haben sich entschieden- mit dem Oldtimer auch Hochzeitsfahrten anzubieten. Welche Genehmigung benötigen Sie nach der Personalbeförderungsgesetz ?,Eine Mietwagenkonzession,Max 6 Stunden,Die Sicherheit und Leistungsfähigkeit des Betriebes muss gegeben sein,Taxi Tarif Ordnung,Politische und religiöse Werbung Ist an Taxen unzulässig,nein,50 kg,Besetztfahrten
Der Oldtimer ist bisher auf sie zur privaten Nutzung zugelassen. Welche besondere Pflicht haben Sie gegenüber der Zulassungsstelle- wenn sie ihn jetzt auch gewerblich nutzen?,Eine Außerordentliche Hauptuntersuchung —Kfz muss anders versichert werden,—Untersuchung der BOkraft,—Bilaterale Abkommen,—Genehmigungsurkunde,Tunnelgebühren,Übernachtungskosten,höre Kraftstoffpreise,Spesen
Während einer Frühschicht fällt der Taximeter aus- ein Kollege der sein Taxi gerade an einem Privatkunden verkauft hat- bietet Ihnen seine Fahrpreisanzeiger- dessen Eichung noch drei Monate gültig ist- zu vorübergehende Verwendung an. Unter welcher Voraussetzung dürfen Sie das Angebot annehmen?,Zum Eichamt fahren und Eichen lassen,Stille Reserve ist der unterschied zwischen den Zeit und Restwert eines Anlageguts,Ja,Ständige Vorsicht und gegenseitige Rücksichtnahme,"Sich so verhalten dass kein anderer gefährdet, geschädigt behindert oder belästigt wird",Nach dem Bruttoverdienst,Der Halter,Addition alle Ausgaben
Sie entscheiden sich den Fahrpreisanzeiger reparieren zu lassen. Die Werkstatt bringt nach der Reparatur ein Instandsetzungskennzeichen an. Welche Bedeutung hat das Instandsetzungskennzeichen?,rst beim nächsten Termin zum Eichamt fahren,"Anlegen und führen von Lohnkosten, Lohnbuch",10 Jahre,Das Skonto ist ein prozentualer Nachlass vom Kaufpreis,Ansprüche aus einem Beförderungsvertrag verjähren nach 3 Jahre,"Die Verjährung beginnt mit dem Ende des Jahres, in dem der Anspruch entstanden ist",Nur an Bushaltestellen,—Lohnsteuerkarte des Arbeitnehmers
Unter welchen Voraussetzungen dürfen Sie das Taxi bis zur Eichung mit dem Instandsetzerkennzeichen zur Personenbeförderung einsetzen?,Sozialversicherungsbeitragstabelle,Max 6 Stunden,Bei ordnungsmäßigen Einbau,Taxi Tarif Ordnung,Politische und religiöse Werbung Ist an Taxen unzulässig,nein,50 kg,Besetztfahrten
Der jährliche Abschreibungsbetrag wird aufgeteilt (fixe Kosten),Vorauszahlung auf die Zinsen,Taxi Schild muss entfernt werden,—Bilaterale Abkommen,Mautgebühren,Tunnelgebühren,Übernachtungskosten,—Entwertung Wertverlust,Kilometer unabhängiges kosten
Der jährliche Abschreibungsbetrag wird aufgeteilt (Variable Kosten),Taxi Genehmigung der deutschen Genehmigungsbehörde,Kilometer abhängige Kosten Abnutzung,Ja,Ständige Vorsicht und gegenseitige Rücksichtnahme,"Sich so verhalten dass kein anderer gefährdet, geschädigt behindert oder belästigt wird",Nach dem Bruttoverdienst,Der Halter,Addition alle Ausgaben
Nennen Sie 2 Nachteile- die sich aus der Führung eines Kassenbuchs ergeben ?,—Unübersichtlich,—keinen Überblick über die Vorgänge auf dem Konto,10 Jahre,Das Skonto ist ein prozentualer Nachlass vom Kaufpreis,Ansprüche aus einem Beförderungsvertrag verjähren nach 3 Jahre,"Die Verjährung beginnt mit dem Ende des Jahres, in dem der Anspruch entstanden ist",Nur an Bushaltestellen,—Lohnsteuerkarte des Arbeitnehmers
Wann beginnt die Zugehörigkeit bei der Berufsgenossenschaft?,Mit der Vorlage eine Kostenkalkulation bei Ihrer Bank,Max 6 Stunden,Die Sicherheit und Leistungsfähigkeit des Betriebes muss gegeben sein,Taxi Tarif Ordnung,Politische und religiöse Werbung Ist an Taxen unzulässig,nein,50 kg,Besetztfahrten
Welche Umsatz steuerrechtliche Bedeutung hat das Kassenbuch?,Vorauszahlung auf die Zinsen,Ermittlung der Zahllast und Traglast 182182,—Bilaterale Abkommen,Mautgebühren,Tunnelgebühren,Übernachtungskosten,höre Kraftstoffpreise,Spesen
Wann beginnt die Zugehörigkeit bei der Berufsgenossenschaft?,Taxi Genehmigung der deutschen Genehmigungsbehörde,Mit der Vorlage einer Kontokalkulation bei Ihrer Bank,Ja,Ständige Vorsicht und gegenseitige Rücksichtnahme,"Sich so verhalten dass kein anderer gefährdet, geschädigt behindert oder belästigt wird",Nach dem Bruttoverdienst,Der Halter,Addition alle Ausgaben
Welche Umsatz steuerrechtliche Bedeutung hat das Kassenbuch?,Ermittlung der Zahllast und Traglast,"Anlegen und führen von Lohnkosten, Lohnbuch",10 Jahre,Das Skonto ist ein prozentualer Nachlass vom Kaufpreis,Ansprüche aus einem Beförderungsvertrag verjähren nach 3 Jahre,"Die Verjährung beginnt mit dem Ende des Jahres, in dem der Anspruch entstanden ist",Nur an Bushaltestellen,—Lohnsteuerkarte des Arbeitnehmers
Welche Buchführungspflicht hat ein Verkehrsunternehmen zusätzlich zu den üblichen Aufzeichnungen- wenn Arbeitnehmer beschäftigt werden?,"Anlegen und führen von Lohnkosten, Lohnbuch",Max 6 Stunden,Die Sicherheit und Leistungsfähigkeit des Betriebes muss gegeben sein,Taxi Tarif Ordnung,Politische und religiöse Werbung Ist an Taxen unzulässig,nein,50 kg,Besetztfahrten
Wie lange darf ein Schwangere arbeiten?,Vorauszahlung auf die Zinsen,"Fahrdienst bis Ende 3. Schwangerschaftsmonat, dann nur leichte Bürotätigkeiten bis 6 Wochen vor Geburt und 8 Wochen nach Geburt darfst sie wieder arbeiten",—Bilaterale Abkommen,Mautgebühren,Tunnelgebühren,Übernachtungskosten,höre Kraftstoffpreise,Spesen
Wie ist Feiertagsarbeit geregelt?,"Gesetzliche Feiertage, Zuschlag 2 Euro Stunde Mindestens 15 Sonntage im Jahr frei Zu jedem Arbeitssonntag einen Ersatzruhetag innerhalb der nächsten 14 Tage",Stille Reserve ist der unterschied zwischen den Zeit und Restwert eines Anlageguts,Ja,Ständige Vorsicht und gegenseitige Rücksichtnahme,"Sich so verhalten dass kein anderer gefährdet, geschädigt behindert oder belästigt wird",Nach dem Bruttoverdienst,Der Halter,Addition alle Ausgaben
Wie ist die Urlaubsentgelt geregelt?,"Lohnfortzahlung im Urlaub, Berechnung analog wie im Krankheitsfall aber ohne Ausgleichskasse","Anlegen und führen von Lohnkosten, Lohnbuch",10 Jahre,Das Skonto ist ein prozentualer Nachlass vom Kaufpreis,Ansprüche aus einem Beförderungsvertrag verjähren nach 3 Jahre,"Die Verjährung beginnt mit dem Ende des Jahres, in dem der Anspruch entstanden ist",Nur an Bushaltestellen,—Lohnsteuerkarte des Arbeitnehmers
Wann wird dein Taxameter automatisch auf Warte Zeit umgestellt?,Wenn die Umschaltgeschwindigkeit unterschritten wird,Max 6 Stunden,Die Sicherheit und Leistungsfähigkeit des Betriebes muss gegeben sein,Taxi Tarif Ordnung,Politische und religiöse Werbung Ist an Taxen unzulässig,nein,50 kg,Besetztfahrten
Wie viele Sitze darf ein Taxi oder Mietwagen haben?,Vorauszahlung auf die Zinsen,"9 ,8 für Fahrgäste und plus Fahrer",—Bilaterale Abkommen,Mautgebühren,Tunnelgebühren,Übernachtungskosten,höre Kraftstoffpreise,Spesen
Was bedeutet E 36?,Taxi Genehmigung der deutschen Genehmigungsbehörde,Europäische Autobahn,Ja,Ständige Vorsicht und gegenseitige Rücksichtnahme,"Sich so verhalten dass kein anderer gefährdet, geschädigt behindert oder belästigt wird",Nach dem Bruttoverdienst,Der Halter,Addition alle Ausgaben
In welche für Ordnung ist die Anschnallpflicht für Taxis geregelt?,BOKraft,"Anlegen und führen von Lohnkosten, Lohnbuch",10 Jahre,Das Skonto ist ein prozentualer Nachlass vom Kaufpreis,Ansprüche aus einem Beförderungsvertrag verjähren nach 3 Jahre,"Die Verjährung beginnt mit dem Ende des Jahres, in dem der Anspruch entstanden ist",Nur an Bushaltestellen,—Lohnsteuerkarte des Arbeitnehmers
Was muss am Motor regelmäßig gewartet werden- um unnötig hohen Kraftstoffverbrauch- Schadstoffausstoß vorzubeugen ?,Luftfilter,Vergasung,Einspritzanlage,Zündung,Politische und religiöse Werbung Ist an Taxen unzulässig,nein,50 kg,Besetztfahrten
Welche Definition ist für die lineare Abschreibung?,Taxi Genehmigung der deutschen Genehmigungsbehörde,Abschreibung von jeweiligen Buchwert mit gleich bleibendem oder fallendem Prozentsatz,Ja,Ständige Vorsicht und gegenseitige Rücksichtnahme,"Sich so verhalten dass kein anderer gefährdet, geschädigt behindert oder belästigt wird",Nach dem Bruttoverdienst,Der Halter,Addition alle Ausgaben
Durch welchen Geschäftsvorfall wird der Gewinn vermindert?,Ermittlung der Zahllast und Traglast,Abschreibung auf Fuhrpark,10 Jahre,Das Skonto ist ein prozentualer Nachlass vom Kaufpreis,Ansprüche aus einem Beförderungsvertrag verjähren nach 3 Jahre,"Die Verjährung beginnt mit dem Ende des Jahres, in dem der Anspruch entstanden ist",Nur an Bushaltestellen,—Lohnsteuerkarte des Arbeitnehmers
Welche Versicherung übernimmt die gesetzliche Unfallversicherung bei Taxigewerbe?,BG Verkehr,Max 6 Stunden,Die Sicherheit und Leistungsfähigkeit des Betriebes muss gegeben sein,Taxi Tarif Ordnung,Politische und religiöse Werbung Ist an Taxen unzulässig,nein,50 kg,Besetztfahrten
Welche 5 Behörden werden bei Erteilung der Genehmigung nachgefragt?,Taxi verbände,IHK,Gemeindebehörde,Gewerbeaufsicht,Gewerkschaft,Übernachtungskosten,höre Kraftstoffpreise,Spesen
Wann gilt der Tarifvertrag?,Taxi Genehmigung der deutschen Genehmigungsbehörde,Wenn Tarifvertrag im Arbeitsvertrag für gültig erklärt wird,Ja,Ständige Vorsicht und gegenseitige Rücksichtnahme,"Sich so verhalten dass kein anderer gefährdet, geschädigt behindert oder belästigt wird",Nach dem Bruttoverdienst,Der Halter,Addition alle Ausgaben
Ab wann müssen Schwerbehinderte eingestellt werden?,Ermittlung der Zahllast und Traglast,Ab 20 anrechenbaren Arbeitnehmer müssen 5 % der Beschäftigten schwer behindert sein sonst muss der Unternehmer Ausgleichabgabe bezahlen,10 Jahre,Das Skonto ist ein prozentualer Nachlass vom Kaufpreis,Ansprüche aus einem Beförderungsvertrag verjähren nach 3 Jahre,"Die Verjährung beginnt mit dem Ende des Jahres, in dem der Anspruch entstanden ist",Nur an Bushaltestellen,—Lohnsteuerkarte des Arbeitnehmers
Welche Pflichten ergeben sich aus dem Arbeitsverhältnis?,Für Arbeitnehmer: Arbeits und Treuepflicht vernünftige Umsätze Zeit pflegliche Behandlung des Betriebseigentum,"Für Arbeitgeber: Fürsorgepflicht Entlohnung, soziale Absicherung Schutz für Unfälle durch Wartungen und Schutz vor Krankheiten",Die Sicherheit und Leistungsfähigkeit des Betriebes muss gegeben sein,Taxi Tarif Ordnung,Politische und religiöse Werbung Ist an Taxen unzulässig,nein,50 kg,Besetztfahrten
Was ist ein wechseln?,Vorauszahlung auf die Zinsen,Eine schriftliche Zahlungsversprechen Die in bestimmten Zeitraum gezahlt werden muss,—Bilaterale Abkommen,Mautgebühren,Tunnelgebühren,Übernachtungskosten,höre Kraftstoffpreise,Spesen
Welche und wie viele Formen von Schecks gibt es?,Barscheck: bei der Bank auszahlen lassen,Verrechnungsscheck: kann nur auf Konto gutgeschrieben werden,Ja,Ständige Vorsicht und gegenseitige Rücksichtnahme,"Sich so verhalten dass kein anderer gefährdet, geschädigt behindert oder belästigt wird",Nach dem Bruttoverdienst,Der Halter,Addition alle Ausgaben
In welchen Formen gibt es Fremdkapital?,Kontokorrentkredit: Dispo Kredit bis maximal 30.000 € möglich,"Anlegen und führen von Lohnkosten, Lohnbuch",Anschaffungsdarlehen: feste Zinsen für gesamt Laufzeit,Das Skonto ist ein prozentualer Nachlass vom Kaufpreis,Ansprüche aus einem Beförderungsvertrag verjähren nach 3 Jahre,"Die Verjährung beginnt mit dem Ende des Jahres, in dem der Anspruch entstanden ist",Nur an Bushaltestellen,—Lohnsteuerkarte des Arbeitnehmers
Welche Kindersitzgrößen gibt es?,Klasse 0: 0-9 kg—Klasse 1:9-18 Kg,Klasse 2:18-36 Kg—Klasse3: 36 Kg,Die Sicherheit und Leistungsfähigkeit des Betriebes muss gegeben sein,Taxi Tarif Ordnung,Politische und religiöse Werbung Ist an Taxen unzulässig,nein,50 kg,Besetztfahrten
Nennen Sie die Sozialversicherungen und die jeweilige Prozentsätze?,Vorauszahlung auf die Zinsen,"Rente Versicherung: 18,6 % Krankenversicherung: 14,6 % Arbeitslosenversicherung: 2,4% Pflegeversicherung: 3,05 % Unfallversicherung nach Umlaufverfahren 100 % von AG an BG Verkehr",—Bilaterale Abkommen,Mautgebühren,Tunnelgebühren,Übernachtungskosten,höre Kraftstoffpreise,Spesen
Nennen Sie die Beitragsbemessungsgrenzen?,Taxi Genehmigung der deutschen Genehmigungsbehörde,"Krankenversicherung und Pflegeversicherung 3712,50 €",Ja,Rentenversicherung und Arbeitslosenversicherung 5500 €,"Sich so verhalten dass kein anderer gefährdet, geschädigt behindert oder belästigt wird",Nach dem Bruttoverdienst,Der Halter,Addition alle Ausgaben
Geben Sie drei Beispiele für Hilfsbereitschaft?,Ermittlung der Zahllast und Traglast,Fahrstill—höflich sein—hilfsbereit sein,10 Jahre,Das Skonto ist ein prozentualer Nachlass vom Kaufpreis,Ansprüche aus einem Beförderungsvertrag verjähren nach 3 Jahre,"Die Verjährung beginnt mit dem Ende des Jahres, in dem der Anspruch entstanden ist",Nur an Bushaltestellen,—Lohnsteuerkarte des Arbeitnehmers
Was heißt kurzfristige Beschäftigung?,Sozialversicherungsbeitragstabelle,50 Arbeitstage im Jahr (keine Haupttätigkeit erlaubt) Arbeitgeber hat keine Ausgaben wie Rentenversicherung Krankenversicherung oder Pauschalsteuer,Die Sicherheit und Leistungsfähigkeit des Betriebes muss gegeben sein,Taxi Tarif Ordnung,Politische und religiöse Werbung Ist an Taxen unzulässig,nein,50 kg,Besetztfahrten
Nennen Sie 3 Pflichten des Mietwagenunternehmens ?,Aufbewahrungspflicht,Rückkehrpflicht,—Bilaterale Abkommen,Aufzeichnungspflicht,Tunnelgebühren,Übernachtungskosten,höre Kraftstoffpreise,Spesen
Was sind die 3 Pflichten des Fahrgastes?,Taxi Genehmigung der deutschen Genehmigungsbehörde,Korrektes Fahrtziel nennen,Bezahlung des Fahrpreises nach Fahrt Ende,ordentliches Verhalten,"Sich so verhalten dass kein anderer gefährdet, geschädigt behindert oder belästigt wird",Nach dem Bruttoverdienst,Der Halter,Addition alle Ausgaben
Nennen Sie die 3 Pflichten der Taxiunternehmen?,Ermittlung der Zahllast und Traglast,Betriebspflicht,Beförderungspflicht,Tarifpflicht,Ansprüche aus einem Beförderungsvertrag verjähren nach 3 Jahre,"Die Verjährung beginnt mit dem Ende des Jahres, in dem der Anspruch entstanden ist",Nur an Bushaltestellen,—Lohnsteuerkarte des Arbeitnehmers
Was heißt Betriebssitz?,Sozialversicherungsbeitragstabelle,Postalische Adresse in der genehmigenden Gemeinde (Büro),Die Sicherheit und Leistungsfähigkeit des Betriebes muss gegeben sein,Taxi Tarif Ordnung,Politische und religiöse Werbung Ist an Taxen unzulässig,nein,50 kg,Besetztfahrten
Warum gibt es bei Taxi Verkehr Zulassungsbeschränkung?,Vorauszahlung auf die Zinsen,Damit die Funktionsfähigkeit des örtlichen Taxigewerbe ich nicht bedroht wird,—Bilaterale Abkommen,Mautgebühren,Tunnelgebühren,Übernachtungskosten,höre Kraftstoffpreise,Spesen
Welche vier Punkte werden im Beobachtungszeitraum geprüft? (1 Jahr lang),"Nachfrage nach Beförderungsaufträgen, Taxi Dichte",Stille Reserve ist der unterschied zwischen den Zeit und Restwert eines Anlageguts,Ja,Ständige Vorsicht und gegenseitige Rücksichtnahme,"Sich so verhalten dass kein anderer gefährdet, geschädigt behindert oder belästigt wird",Nach dem Bruttoverdienst,Der Halter,Addition alle Ausgaben
Nennen Sie 4 Punkte Zum Beförderungspflicht und Vertrag?,"Beförderungspflicht besteht nicht, wenn Sicherheit und Ordnung des Betriebes nicht gewährleistet ist",Beförderungsvertrag entsteht wenn die Zeit festgelegt wird,Beförderungsvertrag wir zwischen Unternehmen und Kunden abgeschlossen,Das Skonto ist ein prozentualer Nachlass vom Kaufpreis,Ansprüche aus einem Beförderungsvertrag verjähren nach 3 Jahre,"Die Verjährung beginnt mit dem Ende des Jahres, in dem der Anspruch entstanden ist",Nur an Bushaltestellen,—Lohnsteuerkarte des Arbeitnehmers
Nennen Sie vier Formen für Gelegenheitsverkehr?,Ausflug Fahrten,Mietwagen Verkehr,Taxi Verkehr,Taxi Tarif Ordnung,Politische und religiöse Werbung Ist an Taxen unzulässig,Ferienziel reisen,50 kg,Besetztfahrten
Was wird in der Taxiordnung geregelt?,Vorauszahlung auf die Zinsen,Umfang der Betriebspflicht,Ordnung von Taxiständen,Fahr und Funkbetrieb,Bereithalten von Taxen in Sonderfällen,Kranken und Beförderungsfahrten,Annahme und Ausführung von Fahraufträgen,Spesen
Was wird in der PBefG (Personalbeförderungsgesetz) geregelt,BOKraft— (Betriebsordnung der Kraftfahrzeug,FOV— (Freistellungsverordnung),TTO— (taxi Tarif Ordnung),TO— (Taxi Ordnung),PBZugV — (Berufszugangs Ordnung,Nach dem Bruttoverdienst,Der Halter,Addition alle Ausgaben
Wenn sie gegen Regeln Straßenverkehr verstoßen- welche Verstöße werden Verkehrs zentralregister dann registriert,Straftaten - Bußgelder auf 60 € - Fahrverbote - Entzug der vor Erlaubnis,"Anlegen und führen von Lohnkosten, Lohnbuch",10 Jahre,Das Skonto ist ein prozentualer Nachlass vom Kaufpreis,Ansprüche aus einem Beförderungsvertrag verjähren nach 3 Jahre,"Die Verjährung beginnt mit dem Ende des Jahres, in dem der Anspruch entstanden ist",Nur an Bushaltestellen,—Lohnsteuerkarte des Arbeitnehmers
Wie lange würde längstens ein Fahrverbot dauern?,Sozialversicherungsbeitragstabelle,Max 6 Stunden,3 Monate,Taxi Tarif Ordnung,Politische und religiöse Werbung Ist an Taxen unzulässig,nein,50 kg,Besetztfahrten
Welche Vorkommnisse müssen der Genehmigungsbehörde gemeldet werden?,Vorauszahlung auf die Zinsen,"Vorkommnisse, die ein öffentliches Aufsehen erregen; Unfälle, bei denen ein Mensch getötet oder schwer verletzt wurde; Betriebsstörungen durch z.B. Streiks, Funkausfall etc",—Bilaterale Abkommen,Mautgebühren,Tunnelgebühren,Übernachtungskosten,höre Kraftstoffpreise,Spesen
Wie haben sich der Fahrer und der Unternehmer zu verhalten- wenn während der Schicht der Taxameter ausfällt?,Fahrgast muss informiert werden dass die restliche Strecke pro Kilometer ausgerecht wird und Unternehmer muss auch informiert werden,Stille Reserve ist der unterschied zwischen den Zeit und Restwert eines Anlageguts,Ja,Ständige Vorsicht und gegenseitige Rücksichtnahme,"Sich so verhalten dass kein anderer gefährdet, geschädigt behindert oder belästigt wird",Nach dem Bruttoverdienst,Der Halter,Addition alle Ausgaben
Dürfen Tiere Hunde auf den Sitzen transportiert werden?,Ermittlung der Zahllast und Traglast,"Nein, nur im Fußraum oder in einem geeigneten Transportbehälter",10 Jahre,Das Skonto ist ein prozentualer Nachlass vom Kaufpreis,Ansprüche aus einem Beförderungsvertrag verjähren nach 3 Jahre,"Die Verjährung beginnt mit dem Ende des Jahres, in dem der Anspruch entstanden ist",Nur an Bushaltestellen,—Lohnsteuerkarte des Arbeitnehmers
Für welche Schäden und in welcher Höhe kann ein Taxi oder ein Mietwagenunternehmer die Haftung begrenzen und ausschließen?,"Sachschäden: ja, über 1000 € Personenschäden: nein",Max 6 Stunden,Die Sicherheit und Leistungsfähigkeit des Betriebes muss gegeben sein,Taxi Tarif Ordnung,Politische und religiöse Werbung Ist an Taxen unzulässig,nein,50 kg,Besetztfahrten
Unter welchen Voraussetzungen darf ein Mietwagen Unternehmer einen Fahrauftrag annehmen (Auftragseingang)?,Die Aufträge müssen an seinen Betriebssitz oder in seine Wohnung eingehen,Max 6 Stunden,Die Sicherheit und Leistungsfähigkeit des Betriebes muss gegeben sein,Taxi Tarif Ordnung,Politische und religiöse Werbung Ist an Taxen unzulässig,nein,50 kg,Besetztfahrten
Wer erlässt die Tarif Ordnung?,Vorauszahlung auf die Zinsen,Taxi Schild muss entfernt werden,Untere Verkehrsbehörde,Mautgebühren,Tunnelgebühren,Übernachtungskosten,höre Kraftstoffpreise,Spesen
In welchen Rechtsvorschriften ist die Beförderung mit Taxen und Mietwagen geregelt?,"STVZO , BOKraft, Personenbeförderungsgesetz Taxitarifordnung und Taxi Ordnung",Stille Reserve ist der unterschied zwischen den Zeit und Restwert eines Anlageguts,Ja,Ständige Vorsicht und gegenseitige Rücksichtnahme,"Sich so verhalten dass kein anderer gefährdet, geschädigt behindert oder belästigt wird",Nach dem Bruttoverdienst,Der Halter,Addition alle Ausgaben
Im Bereich der kaufmännischen und finanziellen Verwaltung ihres Unternehmens werden Sie mit dem Begriff Eigentumsvorbehalt konfrontiert. Welchem Zweck dient ein Eigentumsvorbehal?,"bei Finanzierung der Verkäufer bleibt so lange Eigentümer verkaufter Sache, bis der Käufer diese vollständig bezahlt hat.",Anlegen und führen von Lohnkosten, Lohnbuch,10 Jahre,Das Skonto ist ein prozentualer Nachlass vom Kaufpreis,Ansprüche aus einem Beförderungsvertrag verjähren nach 3 Jahre,"Die Verjährung beginnt mit dem Ende des Jahres, in dem der Anspruch entstanden ist",Nur an Bushaltestellen,—Lohnsteuerkarte des Arbeitnehmers
In welchen Fällen wird in der Regel ein Eigentumsvorbehalt vereinbart?,Sozialversicherungsbeitragstabelle,Max 6 Stunden,Finanzierung,Taxi Tarif Ordnung,Politische und religiöse Werbung Ist an Taxen unzulässig,nein,50 kg,Besetztfahrten
1 - Ein Antragsteller bemüht sich um eine Taxigenehmigung. Fachliche Eignung- Zuverlässigkeit und finanzielle Leistungsfähigkeit sind nachgewiesen. Der Behörde liegt eine Warteliste vor. Welche Gründe können dazu führen- dass dieser Bewerber nachrangig behandelt wird? Nennen Sie drei. (IHK-Prüfung 2018),Polizeiliche Führungszeugnis,Unbedenklichkeit von Finanzamt und Kranken Kasse und Stadtkämmerer und BG,Eigenkapital - bzw. Rücklagennachweis,Mautgebühren,Tunnelgebühren,Übernachtungskosten,höre Kraftstoffpreise,Spesen
Innerhalb welcher Frist ist grundsätzlich der Beginn einer Sozialversicherung pflichtigen Beschäftigung an die Datenstelle der Träger der Rentenversicherung zu melden?,Taxi Genehmigung der deutschen Genehmigungsbehörde,"des Landes (LVA), die Bundesversicherungsanstalt für Angestellte.",Ja,Ständige Vorsicht und gegenseitige Rücksichtnahme,"Sich so verhalten dass kein anderer gefährdet, geschädigt behindert oder belästigt wird",Nach dem Bruttoverdienst,Der Halter,Addition alle Ausgaben
Was versteht man bei einem Kreditgeschäft unter einem Disagio.,Ermittlung der Zahllast und Traglast,"Anlegen und führen von Lohnkosten, Lohnbuch",10 Jahre,Das Skonto ist ein prozentualer Nachlass vom Kaufpreis,Abgeld von der Kreditsumme. Der Kreditbetrag wird um das Disagio gekürzt ausbezahlt,"Die Verjährung beginnt mit dem Ende des Jahres, in dem der Anspruch entstanden ist",Nur an Bushaltestellen,—Lohnsteuerkarte des Arbeitnehmers
Welches Dokument erlaubt ihnen- grenzüberschreitende Fahraufträge durchzuführen?,Grüne Karte,Internationale,Personalausweis,Führerschein,Fahrzeugschein,Fahrzeugbrief,50 kg,Besetztfahrten
Unter welcher Voraussetzung ist eine zollrechtliche Kontrolle an den Binnengrenzen der EU noch zulässig?,Einreise Kontrolle,Taxi Schild muss entfernt werden,—Bilaterale Abkommen,Mautgebühren,Tunnelgebühren,Übernachtungskosten,höre Kraftstoffpreise,Spesen
Welches Vorhaben in Bezug auf ihre Betriebsführung bedarf einer Genehmigung seitens der Genehmigungsbehörden? (IHK-Prüfung 2019),Erweiterung des Unternehmens,Stille Reserve ist der unterschied zwischen den Zeit und Restwert eines Anlageguts,Ja,Ständige Vorsicht und gegenseitige Rücksichtnahme,"Sich so verhalten dass kein anderer gefährdet, geschädigt behindert oder belästigt wird",Nach dem Bruttoverdienst,Der Halter,Addition alle Ausgaben
Nennen Sie drei Dokumente- die der Mietwagenfahrer (neben Führerschein und Zulassungsbescheinigung Teil I) während des Einsatzes mit sich fuhren muss!,Fahrerlaubnis zur Fahrgast Beförderung,Fahrzeugschein - Personal Ausweis,10 Jahre,"Fahrpreisliste, geltende Taxi- und Tarifverordnung",Ansprüche aus einem Beförderungsvertrag verjähren nach 3 Jahre,"Die Verjährung beginnt mit dem Ende des Jahres, in dem der Anspruch entstanden ist",Nur an Bushaltestellen,—Lohnsteuerkarte des Arbeitnehmers
was stellt- finanzbuchhaltungstechnisch betrachtet- die von ihnen ... Kunden in Rechnung gestellte Umsatzsteuer gegenüber dem Finanzamt dar?,Sozialversicherungsbeitragstabelle,Max 6 Stunden,Umsatzsteuer,Taxi Tarif Ordnung,Politische und religiöse Werbung Ist an Taxen unzulässig,nein,50 kg,Besetztfahrten
was stellt- finanzbuchhaltungstechnisch betrachtet- die Vorsteuer- die von Lieferanten ihrem Unternehmer in Rechnung stellt (z. Reifentarif)- gegenüber dem Finanzamt dar?,Vorsteuer,Taxi Schild muss entfernt werden,—Bilaterale Abkommen,Mautgebühren,Tunnelgebühren,Übernachtungskosten,höre Kraftstoffpreise,Spesen
Ihr Fahrer übergibt Ihnen die Einnahme einer Schicht. Nach Abzug der enthaltenen Mehrwertsteuer verbleibt ein Betrag von 130.00 € bei 210 gefahrenen km. a) Errechnen Sie den Kostendeckungsüberschuss bzw. die Unterdeckung für diese Schicht bei 0-67 € Kosten /km (Stellen Sie den Rechenweg dar). b) Durch welche Maßnahmen können Sie zukünftig versuchen- die Kostendeckungssituation zu verbessern? Nennen Sie zwei Beispiele,Funkgeräte benutzen und Kilometer sparen - mit GPS fahren,"210 × 0,67 = 140,70 € ist Geld Verlust",Ja,Ständige Vorsicht und gegenseitige Rücksichtnahme,"Sich so verhalten dass kein anderer gefährdet, geschädigt behindert oder belästigt wird",Nach dem Bruttoverdienst,Der Halter,Addition alle Ausgaben
Ein Pkw ist mit vier Reifen zu einem Stückpreis von netto 104 € bereift. Die z... erwartende Laufleistung liegt bei 65.000 km. Berechnen Sie Reifenkosten pro Kilometer in Cent.,Ermittlung der Zahllast und Traglast,"Anlegen und führen von Lohnkosten, Lohnbuch",10 Jahre,Das Skonto ist ein prozentualer Nachlass vom Kaufpreis,Ansprüche aus einem Beförderungsvertrag verjähren nach 3 Jahre,"104 × 4 = 416 416 ÷ 65000 = 0,0064 0,0064 × 100= 0,64 Cent pro Km",Nur an Bushaltestellen,—Lohnsteuerkarte des Arbeitnehmers
Die Genehmigungsbehörde steht einer Sondervereinbarung für das Beförderungsentgelt positiv gegenüber. Nennen Sie vier Kriterien- die eingehalten werden müssen- damit die Vereinbarung zulässig wird,Die Nachfrage nach Beförderungsauftragen im Taxiverkehr,Die Taxendichte,Die Entwicklung der Ertrags- und Kostenlage der Unternehmen unter Einbeziehung der Einsatzzeit,Die Anzahl und Ursachen der Geschäftsaufgaben.,Politische und religiöse Werbung Ist an Taxen unzulässig,nein,50 kg,Besetztfahrten
Mit der Dialyseklinik vereinbaren Sie- regelmäßig Blutkonserven In ein 5 km entferntes Krankenhaus innerhalb Ihrer Betriebssitzgemeinde zu bringen. a) Hierfür nutzen Sie eines der Taxis. Welcher Umsatzsteuersatz ist für die Beförderungsleistung anzusetzen? b) Begründen Sie Ihre Antwort,19%,Transport ohne Fahrgast hat 19% Steuersatz,—Bilaterale Abkommen,Mautgebühren,Tunnelgebühren,Übernachtungskosten,höre Kraftstoffpreise,Spesen
Bei welcher Institution müssen Sie die Aushilfskraft sozialversicherungsrechtlich anmelden?,Taxi Genehmigung der deutschen Genehmigungsbehörde,Stille Reserve ist der unterschied zwischen den Zeit und Restwert eines Anlageguts,Ja,Ständige Vorsicht und gegenseitige Rücksichtnahme,Bundes Knappschaft,Nach dem Bruttoverdienst,Der Halter,Addition alle Ausgaben