Welches sind die für das Taxi- und Mietwagengewerbe wichtigsten Organisationen und Verbände?,Die Spitzenorganisation des deutschen TuM-Gewerbes nennt sich „Deutscher Taxi- und Mietwagenverband e.V. (früher BZP- Bundes Zentralverband Personenverkehr - Taxi und Mietwagen).,Industrie- und Handelskammer.,örtlichen Taxivereinigungen und Taxizentralen.,Gewerkschaften.,verschiedenen Unternehmerverkehrsverbände.,Ja. bei der IHK und bei der Berufsgenossenschaft.,Die Zentrale schließt mit dem T-Unternehmer einen Vermittlungsvertrag ab. der die Bedingungen der Teilnahme am Sprechfunkverkehr erhält.,Nein.,
Gibt es Pflichtmitgliedschaften für den Unternehmer des Taxi- und Mietwagengewerbes?,Die Spitzenorganisation des deutschen TuM-Gewerbes nennt sich „Deutscher Taxi- und Mietwagenverband e.V. (früher BZP- Bundes Zentralverband Personenverkehr - Taxi und Mietwagen).,Industrie- und Handelskammer.,örtlichen Taxivereinigungen und Taxizentralen.,Gewerkschaften.,verschiedenen Unternehmerverkehrsverbände.,Ja. bei der IHK und bei der Berufsgenossenschaft.,Die Zentrale schließt mit dem T-Unternehmer einen Vermittlungsvertrag ab. der die Bedingungen der Teilnahme am Sprechfunkverkehr erhält.,Nein.,
Was heißt „BZP“?,Die Spitzenorganisation des deutschen TuM-Gewerbes nennt sich „Deutscher Taxi- und Mietwagenverband e.V. (früher BZP- Bundes Zentralverband Personenverkehr - Taxi und Mietwagen).,Industrie- und Handelskammer.,örtlichen Taxivereinigungen und Taxizentralen.,Gewerkschaften.,verschiedenen Unternehmerverkehrsverbände.,Ja. bei der IHK und bei der Berufsgenossenschaft.,Die Zentrale schließt mit dem T-Unternehmer einen Vermittlungsvertrag ab. der die Bedingungen der Teilnahme am Sprechfunkverkehr erhält.,Nein.,
Kann man Taxi- und Mietwagenunternehmer selbst Mitglied im BZP werden?,Die Spitzenorganisation des deutschen TuM-Gewerbes nennt sich „Deutscher Taxi- und Mietwagenverband e.V. (früher BZP- Bundes Zentralverband Personenverkehr - Taxi und Mietwagen).,Industrie- und Handelskammer.,örtlichen Taxivereinigungen und Taxizentralen.,Gewerkschaften.,verschiedenen Unternehmerverkehrsverbände.,Ja. bei der IHK und bei der Berufsgenossenschaft.,Die Zentrale schließt mit dem T-Unternehmer einen Vermittlungsvertrag ab. der die Bedingungen der Teilnahme am Sprechfunkverkehr erhält.,Nein.,
Welche spezifischen Aufgaben haben die Industrie- und Handelskammern?,Sie sollen das Gesamtinteresse der ihnen zugehörigenGewerbetreibenden ihres Bezirks wahrnehmen für die Förderung der gewerblichen Wirtschaft wirken und dabei die wirtschaftlichen Interessen einzelner Gewerbezweige oder -betriebe abwägend und ausgleichend berücksichtigen,Industrie- und Handelskammer.,örtlichen Taxivereinigungen und Taxizentralen.,Gewerkschaften.,verschiedenen Unternehmerverkehrsverbände.,Ja. bei der IHK und bei der Berufsgenossenschaft.,Die Zentrale schließt mit dem T-Unternehmer einen Vermittlungsvertrag ab. der die Bedingungen der Teilnahme am Sprechfunkverkehr erhält.,Nein.,
Wie wird man Mitglied einer Taxizentrale?,Die Spitzenorganisation des deutschen TuM-Gewerbes nennt sich „Deutscher Taxi- und Mietwagenverband e.V. (früher BZP- Bundes Zentralverband Personenverkehr - Taxi und Mietwagen).,Industrie- und Handelskammer.,örtlichen Taxivereinigungen und Taxizentralen.,Gewerkschaften.,verschiedenen Unternehmerverkehrsverbände.,Ja. bei der IHK und bei der Berufsgenossenschaft.,Die Zentrale schließt mit dem T-Unternehmer einen Vermittlungsvertrag ab. der die Bedingungen der Teilnahme am Sprechfunkverkehr erhält.,Nein.,
In welcher Rechtsform werden TZentralen betrieben?,Die Spitzenorganisation des deutschen TuM-Gewerbes nennt sich „Deutscher Taxi- und Mietwagenverband e.V. (früher BZP- Bundes Zentralverband Personenverkehr - Taxi und Mietwagen).,In der Form der eingetragenen Genossenschaft. der GmbH oder seltener als eingetragener Verein.,örtlichen Taxivereinigungen und Taxizentralen.,Gewerkschaften.,verschiedenen Unternehmerverkehrsverbände.,Ja. bei der IHK und bei der Berufsgenossenschaft.,Die Zentrale schließt mit dem T-Unternehmer einen Vermittlungsvertrag ab. der die Bedingungen der Teilnahme am Sprechfunkverkehr erhält.,Nein.,
Was bedeutet die Genossenschaft für den Taxiunternehmer?,Die Spitzenorganisation des deutschen TuM-Gewerbes nennt sich „Deutscher Taxi- und Mietwagenverband e.V. (früher BZP- Bundes Zentralverband Personenverkehr - Taxi und Mietwagen).,In der Form der eingetragenen Genossenschaft. der GmbH oder seltener als eingetragener Verein.,örtlichen Taxivereinigungen und Taxizentralen.,Gewerkschaften.,Die Genossenschaft tritt gegenüber dem Kunden als eine juristische Person auf. dennoch ist jeder einzelne Taxiunternehmer. mit dem später der Beförderungsvertrag zu Stande kommt. vollkommen eigenständiger Unternehmer. In Bezug auf die Taxizentrale stellen alle als Genossen aufgenommenen T-Unternehmer die Eigentümer. also die Träger und Nutznießer aller Betriebseinrichtungen dar.,Ja. da ohne eine Mitgliedschaft in einer T-Zentrale zumindest in städtischen Gebieten eine ausreichenden Ertrag. sichernde Wettbewerbssituation nicht gegeben sein kann.,Die Zentrale schließt mit dem T-Unternehmer einen Vermittlungsvertrag ab. der die Bedingungen der Teilnahme am Sprechfunkverkehr erhält.,Nein.,
Welchem Zweck dienen die Genossenschaften?,Die Spitzenorganisation des deutschen TuM-Gewerbes nennt sich „Deutscher Taxi- und Mietwagenverband e.V. (früher BZP- Bundes Zentralverband Personenverkehr - Taxi und Mietwagen).,In der Form der eingetragenen Genossenschaft. der GmbH oder seltener als eingetragener Verein.,örtlichen Taxivereinigungen und Taxizentralen.,Die Selbsthilfe für ihre Mitglieder (z.B. Taxizentralen).,Die Genossenschaft tritt gegenüber dem Kunden als eine juristische Person auf. dennoch ist jeder einzelne Taxiunternehmer. mit dem später der Beförderungsvertrag zu Stande kommt. vollkommen eigenständiger Unternehmer. In Bezug auf die Taxizentrale stellen alle als Genossen aufgenommenen T-Unternehmer die Eigentümer. also die Träger und Nutznießer aller Betriebseinrichtungen dar.,Ja. da ohne eine Mitgliedschaft in einer T-Zentrale zumindest in städtischen Gebieten eine ausreichenden Ertrag. sichernde Wettbewerbssituation nicht gegeben sein kann.,Die Zentrale schließt mit dem T-Unternehmer einen Vermittlungsvertrag ab. der die Bedingungen der Teilnahme am Sprechfunkverkehr erhält.,Nein.,
Welche Folge hat für den Einzelunternehmer der Anschluss an eine in der Rechtsform der GmbH betriebene Taxizentrale?,Die Spitzenorganisation des deutschen TuM-Gewerbes nennt sich „Deutscher Taxi- und Mietwagenverband e.V. (früher BZP- Bundes Zentralverband Personenverkehr - Taxi und Mietwagen).,In der Form der eingetragenen Genossenschaft. der GmbH oder seltener als eingetragener Verein.,Dem Einzelunternehmer kommt kein direktes Mitspracherecht der konkreten Arbeit und Zielsetzung der T-Zentrale zu. Es besteht eine Abhängigkeit der Unternehmer vom Träger der Zentrale. Seinen Einfluss kann er aber über Beiräte der Anschlusspartner geltend machen. die häufig in Taxizentralen- GmbHs eingerichtet worden sind.,Die Selbsthilfe für ihre Mitglieder (z.B. Taxizentralen).,Die Genossenschaft tritt gegenüber dem Kunden als eine juristische Person auf. dennoch ist jeder einzelne Taxiunternehmer. mit dem später der Beförderungsvertrag zu Stande kommt. vollkommen eigenständiger Unternehmer. In Bezug auf die Taxizentrale stellen alle als Genossen aufgenommenen T-Unternehmer die Eigentümer. also die Träger und Nutznießer aller Betriebseinrichtungen dar.,Ja. da ohne eine Mitgliedschaft in einer T-Zentrale zumindest in städtischen Gebieten eine ausreichenden Ertrag. sichernde Wettbewerbssituation nicht gegeben sein kann.,Die Zentrale schließt mit dem T-Unternehmer einen Vermittlungsvertrag ab. der die Bedingungen der Teilnahme am Sprechfunkverkehr erhält.,Nein.,
Empfiehlt sich grundsätzlich ein Beitritt zu einer Taxizentrale?,Ja. da ohne eine Mitgliedschaft in einer T-Zentrale zumindest in städtischen Gebieten eine ausreichenden Ertrag. sichernde Wettbewerbssituation nicht gegeben sein kann.,Die Spitzenorganisation des deutschen TuM-Gewerbes nennt sich „Deutscher Taxi- und Mietwagenverband e.V. (früher BZP- Bundes Zentralverband Personenverkehr - Taxi und Mietwagen).,In der Form der eingetragenen Genossenschaft. der GmbH oder seltener als eingetragener Verein.,Dem Einzelunternehmer kommt kein direktes Mitspracherecht der konkreten Arbeit und Zielsetzung der T-Zentrale zu. Es besteht eine Abhängigkeit der Unternehmer vom Träger der Zentrale. Seinen Einfluss kann er aber über Beiräte der Anschlusspartner geltend machen. die häufig in Taxizentralen- GmbHs eingerichtet worden sind.,Die Selbsthilfe für ihre Mitglieder (z.B. Taxizentralen).,Die Genossenschaft tritt gegenüber dem Kunden als eine juristische Person auf. dennoch ist jeder einzelne Taxiunternehmer. mit dem später der Beförderungsvertrag zu Stande kommt. vollkommen eigenständiger Unternehmer. In Bezug auf die Taxizentrale stellen alle als Genossen aufgenommenen T-Unternehmer die Eigentümer. also die Träger und Nutznießer aller Betriebseinrichtungen dar.,Die Zentrale schließt mit dem T-Unternehmer einen Vermittlungsvertrag ab. der die Bedingungen der Teilnahme am Sprechfunkverkehr erhält.,Nein.,