Welche Versicherungen bilden die gesetzliche Sozialversicherung und wer hat die Beiträge zu zahlen? Was versteht man unter dem Begriff “Sozialversicherung‘? Nennen Sie die jeweiligen Prozentsätze.,Renten-. 19.9%,Handelsgesetz,Kranken-. allgem. Satz 14.9% (Kinderlöse -2.2%),Arbeitslosen-. 3%,das Betriebsvermögen mehr als 87.500 € oder,Pflege-. 1.95%,Unfallversicherung,Die Unfallversicherung zahlt zu 100 % der Arbeitgeber. alle anderen Versicherungen trägt zur Hälfte der Arbeitgeber und zur Hälfte der AN,
Woraus setzt sich der Gesamtsozialversicherungsbeitrag zusammen?,Renten-. 19.9%,Aus den Beiträgen für Krankenversicherung (inkl. Pflegeversicherung). Rentenversicherung und Arbeitslosenversicherung. ,Aktiengesetz (bei Vorliegen der entsprechenden Rechtsform der Firma),Wer eine der genannten Voraussetzung erfüllt. ist auch buchführungsmäßig zum Jahresabschluss verpflichtet (Inventar. Gewinn- und Verlustrechnung. Bilanz).,der Umsatz mehr als 350.000 € oder,GmbH-Gesetz - zusätzlich bei Kapitalgesellschaften,Abgabenordnung,Die Unfallversicherung zahlt zu 100 % der Arbeitgeber. alle anderen Versicherungen trägt zur Hälfte der Arbeitgeber und zur Hälfte der AN,
Wer ist für die ordnungsmäßige Abführung der Beiträge zur Sozialversicherung verantwortlich?,Der Arbeitgeber.,Aus den Beiträgen für Krankenversicherung (inkl. Pflegeversicherung). Rentenversicherung und Arbeitslosenversicherung. ,Aktiengesetz (bei Vorliegen der entsprechenden Rechtsform der Firma),Wer eine der genannten Voraussetzung erfüllt. ist auch buchführungsmäßig zum Jahresabschluss verpflichtet (Inventar. Gewinn- und Verlustrechnung. Bilanz).,der Umsatz mehr als 350.000 € oder,GmbH-Gesetz - zusätzlich bei Kapitalgesellschaften,Abgabenordnung,Die Unfallversicherung zahlt zu 100 % der Arbeitgeber. alle anderen Versicherungen trägt zur Hälfte der Arbeitgeber und zur Hälfte der AN,
Wer sind die Träger der gesetzlichen Sozialversicherung? Welche Sozialversicherungsträger gibt es?,Aus den Beiträgen für Krankenversicherung (inkl. Pflegeversicherung). Rentenversicherung und Arbeitslosenversicherung. ,Der Arbeitgeber.,Rentenversicherung - die Landes- (LVA). die Bundesversicherungsanstalt für Angestellte.,Arbeitslosenversicherung - die Bundesanstalt für Arbeit.,Unfallversicherung - die Berufsgenossenschaft (BGF).,Krankenversicherung - jeweilige Krankenkasse.,Pflegeversicherung - jeweilige Krankenkasse.,Abgabenordnung,
Wie heißt die f. das TuM-Gewerbe zuständige Berufsgenossenschaft?,Aus den Beiträgen für Krankenversicherung (inkl. Pflegeversicherung). Rentenversicherung und Arbeitslosenversicherung. ,Berufsgenossenschaft für Fahrzeughaltungen (Sitz in Hamburg).,Aktiengesetz (bei Vorliegen der entsprechenden Rechtsform der Firma),Wer eine der genannten Voraussetzung erfüllt. ist auch buchführungsmäßig zum Jahresabschluss verpflichtet (Inventar. Gewinn- und Verlustrechnung. Bilanz).,der Umsatz mehr als 350.000 € oder,GmbH-Gesetz - zusätzlich bei Kapitalgesellschaften,Abgabenordnung,Die Unfallversicherung zahlt zu 100 % der Arbeitgeber. alle anderen Versicherungen trägt zur Hälfte der Arbeitgeber und zur Hälfte der AN,
Welche Aufgaben hat die Berufsgenossenschaft?,Berufsgenossenschaft für Fahrzeughaltungen (Sitz in Hamburg).,Aus den Beiträgen für Krankenversicherung (inkl. Pflegeversicherung). Rentenversicherung und Arbeitslosenversicherung. ,Aktiengesetz (bei Vorliegen der entsprechenden Rechtsform der Firma),Die Aufgaben der Berufsgenossenschaft sind Unfallverhütung und Unfallversicherun,Renten-. 19.9%,Handelsgesetz,Kranken-. allgem. Satz 14.9% (Kinderlöse -2.2%),Arbeitslosen-. 3%,
Nach welchen Kriterien wird der Berufsgenossenschaftsbeitrag berechnet?,Handelsgesetz,Renten-. 19.9%,Berufsgenossenschaft für Fahrzeughaltungen (Sitz in Hamburg).,Aus den Beiträgen für Krankenversicherung (inkl. Pflegeversicherung). Rentenversicherung und Arbeitslosenversicherung. ,Aktiengesetz (bei Vorliegen der entsprechenden Rechtsform der Firma),Die Aufgaben der Berufsgenossenschaft sind Unfallverhütung und Unfallversicherun,Der Berufsgenossenschaftsbeitrag richtet sich nach der Bruttolohnsumme und der jeweiligen Gefahrenklasse,Arbeitslosen-. 3%,
Zu wie viele % hat der Unternehmer diesen Beitrag zu e,Handelsgesetz,Renten-. 19.9%,Berufsgenossenschaft für Fahrzeughaltungen (Sitz in Hamburg).,Aus den Beiträgen für Krankenversicherung (inkl. Pflegeversicherung). Rentenversicherung und Arbeitslosenversicherung. ,Aktiengesetz (bei Vorliegen der entsprechenden Rechtsform der Firma),Die Aufgaben der Berufsgenossenschaft sind Unfallverhütung und Unfallversicherun,Der Berufsgenossenschaftsbeitrag richtet sich nach der Bruttolohnsumme und der jeweiligen Gefahrenklasse,100 %.,
Wann ist die Berufsgenossenschaft im Falle eines Unfalles zu informieren?,Berufsgenossenschaft für Fahrzeughaltungen (Sitz in Hamburg).,(x) Todesfall,Renten-. 19.9%,Aus den Beiträgen für Krankenversicherung (inkl. Pflegeversicherung). Rentenversicherung und Arbeitslosenversicherung. ,x) mehrere Verletzte,Die Aufgaben der Berufsgenossenschaft sind Unfallverhütung und Unfallversicherun,Der Berufsgenossenschaftsbeitrag richtet sich nach der Bruttolohnsumme und der jeweiligen Gefahrenklasse,100 %.,
Wo ist die Meldung für Arbeitsunfälle geregelt. an wen muss die Meldung erfolgen. welche Unfälle müssen gemeldet werden?,Berufsgenossenschaft für Fahrzeughaltungen (Sitz in Hamburg).,(x) Todesfall,Jeder Arbeitsunfall muss innerhalb von 3 Tagen bei der Berufsgenossenschaft für Fahrzeughaltungen (BGF) gemeldet werden.,Aus den Beiträgen für Krankenversicherung (inkl. Pflegeversicherung). Rentenversicherung und Arbeitslosenversicherung. ,x) mehrere Verletzte,Die Aufgaben der Berufsgenossenschaft sind Unfallverhütung und Unfallversicherun,Eine Pflicht zur telefonischen Anzeige besteht dann. wenn es sich um einen Unfall mit Todesfolge oder um mehr als 2 Verletzten handelt.,Eine Ausfertigung der Anzeige ist an das Gewerbeaufsichtsamt zu send,
m Falle. dass bei einem Verkehrsunfall der angestellte Fahrer erheb lich verletzt oder gar getötet wird. sind dem Unternehmer diverse Meldepflichten auferlegt. Nennen Sie drei.,Unternehmer muss den Unfall binnen 3 Tagen bei der Berufsgenossenschaft für Fahrzeughaltungen anzeigen. • Unternehmer muss eine Kopie dieser Unfallanzeige dem Amt für Arbeitsschutz übersenden,(x) Todesfall,Jeder Arbeitsunfall muss innerhalb von 3 Tagen bei der Berufsgenossenschaft für Fahrzeughaltungen (BGF) gemeldet werden.,Unfall. bei dem ein Mensch getötet oder schwer verletzt worden ist. ist der Genehmigungsbehörde unverzüglich mitzuteilen,Kfz-Versicherung sollte von dem Unfall informiert werden,Die Aufgaben der Berufsgenossenschaft sind Unfallverhütung und Unfallversicherun,Eine Pflicht zur telefonischen Anzeige besteht dann. wenn es sich um einen Unfall mit Todesfolge oder um mehr als 2 Verletzten handelt.,Eine Ausfertigung der Anzeige ist an das Gewerbeaufsichtsamt zu send,
Welchen Stellen ist der Tod eines Arbeitnehmers durch einen Betriebsunfall unverzüglich zu melden,Unternehmer muss den Unfall binnen 3 Tagen bei der Berufsgenossenschaft für Fahrzeughaltungen anzeigen. • Unternehmer muss eine Kopie dieser Unfallanzeige dem Amt für Arbeitsschutz übersenden,Berufsgenossenschaft,Jeder Arbeitsunfall muss innerhalb von 3 Tagen bei der Berufsgenossenschaft für Fahrzeughaltungen (BGF) gemeldet werden.,Unfall. bei dem ein Mensch getötet oder schwer verletzt worden ist. ist der Genehmigungsbehörde unverzüglich mitzuteilen,Kfz-Versicherung sollte von dem Unfall informiert werden,Gewerbeaufsichtsamt,Eine Ausfertigung der Anzeige ist an das Gewerbeaufsichtsamt zu send,Ortspolizeibehörde des Unfallortes,
Welche staatliche Einrichtung ist berechtigt. Unfallverhütungsvorschriften für Unternehmer zu erlassen?,Unternehmer muss den Unfall binnen 3 Tagen bei der Berufsgenossenschaft für Fahrzeughaltungen anzeigen. • Unternehmer muss eine Kopie dieser Unfallanzeige dem Amt für Arbeitsschutz übersenden,Berufsgenossenschaft,Jeder Arbeitsunfall muss innerhalb von 3 Tagen bei der Berufsgenossenschaft für Fahrzeughaltungen (BGF) gemeldet werden.,Die zuständige Berufsgenossenschaft.,Kfz-Versicherung sollte von dem Unfall informiert werden,Gewerbeaufsichtsamt,Eine Ausfertigung der Anzeige ist an das Gewerbeaufsichtsamt zu send,Ortspolizeibehörde des Unfallortes,
Die zuständige Berufsgenossenschaft.,Unternehmer muss den Unfall binnen 3 Tagen bei der Berufsgenossenschaft für Fahrzeughaltungen anzeigen. • Unternehmer muss eine Kopie dieser Unfallanzeige dem Amt für Arbeitsschutz übersenden,Berufsgenossenschaft,Jeder Arbeitsunfall muss innerhalb von 3 Tagen bei der Berufsgenossenschaft für Fahrzeughaltungen (BGF) gemeldet werden.,Die zuständige Berufsgenossenschaft.,x) Arbeitgeber.,Gewerbeaufsichtsamt,Eine Ausfertigung der Anzeige ist an das Gewerbeaufsichtsamt zu send,Ortspolizeibehörde des Unfallortes,
Ist der Unternehmer in den Schutz der gesetzlichen Unfallversicherung mit einbezogen?,Unternehmer muss den Unfall binnen 3 Tagen bei der Berufsgenossenschaft für Fahrzeughaltungen anzeigen. • Unternehmer muss eine Kopie dieser Unfallanzeige dem Amt für Arbeitsschutz übersenden,Berufsgenossenschaft,Jeder Arbeitsunfall muss innerhalb von 3 Tagen bei der Berufsgenossenschaft für Fahrzeughaltungen (BGF) gemeldet werden.,Die zuständige Berufsgenossenschaft.,x) Arbeitgeber.,Gewerbeaufsichtsamt,Eine Ausfertigung der Anzeige ist an das Gewerbeaufsichtsamt zu send,Der Unternehmer ist aufgrund der UnternehmerpfIichtversicherung auch in der gesetzlichen Unfallversicherung versichert.,
Wen hat der Fahrer über eine Verletzung. die unfallbedingt ist. zu informieren?,x) Den Arbeitgeber,Unternehmer muss den Unfall binnen 3 Tagen bei der Berufsgenossenschaft für Fahrzeughaltungen anzeigen. • Unternehmer muss eine Kopie dieser Unfallanzeige dem Amt für Arbeitsschutz übersenden,Berufsgenossenschaft,Jeder Arbeitsunfall muss innerhalb von 3 Tagen bei der Berufsgenossenschaft für Fahrzeughaltungen (BGF) gemeldet werden.,Die zuständige Berufsgenossenschaft.,x) Arbeitgeber.,Gewerbeaufsichtsamt,Der Unternehmer ist aufgrund der UnternehmerpfIichtversicherung auch in der gesetzlichen Unfallversicherung versichert.,
Muss eine Betriebshaftpflichtversicherung abgeschlossen werd,Der Unternehmer ist aufgrund der UnternehmerpfIichtversicherung auch in der gesetzlichen Unfallversicherung versichert.,Unternehmer muss den Unfall binnen 3 Tagen bei der Berufsgenossenschaft für Fahrzeughaltungen anzeigen. • Unternehmer muss eine Kopie dieser Unfallanzeige dem Amt für Arbeitsschutz übersenden,Verkehrsrechtsschutzversicherung erleichtet die Wahrnehmung der eigenen Rechte. ausschließlich für Verkehrsrechtliche Verfahren. die Erfolgsaussicht haben,gesetzliche Unfallversicherung für alle Arbeitnehmer zur Versicherung von Wege- und Arbeitsunfällen,Insassenunfallversicherung wird zugunsten der im Kfz beförderten Personen abgeschlossen und,x) Arbeitgeber.,Nein. ist keine Pflicht. Beschäftigt man Personal. ist sie empfehlenswert,Nur dann. wenn es die Geschäftslage bei genauer Überprüfung unbedingt erfordert und die spätere Einlösung auf jeden Fall gewährleistet ist,
Während der Ausführung eines Beförderungsvertrages ohne Personenbeförderung geht das transportierte Gut kaputt. Wer haftet und warum?,Der Unternehmer ist aufgrund der UnternehmerpfIichtversicherung auch in der gesetzlichen Unfallversicherung versichert.,Unternehmer muss den Unfall binnen 3 Tagen bei der Berufsgenossenschaft für Fahrzeughaltungen anzeigen. • Unternehmer muss eine Kopie dieser Unfallanzeige dem Amt für Arbeitsschutz übersenden,Der Unternehmer aus dem Beförderungsvertrag.,gesetzliche Unfallversicherung für alle Arbeitnehmer zur Versicherung von Wege- und Arbeitsunfällen,Insassenunfallversicherung wird zugunsten der im Kfz beförderten Personen abgeschlossen und,x) Arbeitgeber.,Nein. ist keine Pflicht. Beschäftigt man Personal. ist sie empfehlenswert,Nur dann. wenn es die Geschäftslage bei genauer Überprüfung unbedingt erfordert und die spätere Einlösung auf jeden Fall gewährleistet ist,
Welche Versicherungsarten umfasst die Kfz-Versicherung,Der Unternehmer ist aufgrund der UnternehmerpfIichtversicherung auch in der gesetzlichen Unfallversicherung versichert.,Unternehmer muss den Unfall binnen 3 Tagen bei der Berufsgenossenschaft für Fahrzeughaltungen anzeigen. • Unternehmer muss eine Kopie dieser Unfallanzeige dem Amt für Arbeitsschutz übersenden,Der Unternehmer aus dem Beförderungsvertrag.,gesetzliche Unfallversicherung für alle Arbeitnehmer zur Versicherung von Wege- und Arbeitsunfällen,Die Kfz-Haftpflichtversicherung,die Fahrzeugversicherung.,die Kfz Unfallversicherung und, die Gepäckversicherung.,
Wann beginnt der Versicherungsschutz in der KfzVersicherung?,Der Versicherungsschutz beginnt mit der Einlösung des Versicherungsscheines durch Zahlung des Beitrages und der Versicherungssteuer.,Unternehmer muss den Unfall binnen 3 Tagen bei der Berufsgenossenschaft für Fahrzeughaltungen anzeigen. • Unternehmer muss eine Kopie dieser Unfallanzeige dem Amt für Arbeitsschutz übersenden,Der Unternehmer aus dem Beförderungsvertrag.,gesetzliche Unfallversicherung für alle Arbeitnehmer zur Versicherung von Wege- und Arbeitsunfällen,Die Kfz-Haftpflichtversicherung,die Fahrzeugversicherung.,die Kfz Unfallversicherung und, die Gepäckversicherung.,
Was versteht man unter einer Teilkaskoversicherung?,Der Versicherungsschutz beginnt mit der Einlösung des Versicherungsscheines durch Zahlung des Beitrages und der Versicherungssteuer.,Die Teilkaskoversicherung deckt Schäden am eigenen Kfz ab. wenn diese durch Diebstahl. Brand. Glas- und Wildschaden. Entwendung sowie durch unmittelbare Einwirkung von Naturereignissen entstanden sind,Unternehmer muss den Unfall binnen 3 Tagen bei der Berufsgenossenschaft für Fahrzeughaltungen anzeigen. • Unternehmer muss eine Kopie dieser Unfallanzeige dem Amt für Arbeitsschutz übersenden,Der Unternehmer aus dem Beförderungsvertrag.,gesetzliche Unfallversicherung für alle Arbeitnehmer zur Versicherung von Wege- und Arbeitsunfällen,Die Kfz-Haftpflichtversicherung,die Fahrzeugversicherung.,die Kfz Unfallversicherung und,
Welche Schadensrisiken deckt eine Vollkaskoversicherung ab?,Der Versicherungsschutz beginnt mit der Einlösung des Versicherungsscheines durch Zahlung des Beitrages und der Versicherungssteuer.,Die Teilkaskoversicherung deckt Schäden am eigenen Kfz ab. wenn diese durch Diebstahl. Brand. Glas- und Wildschaden. Entwendung sowie durch unmittelbare Einwirkung von Naturereignissen entstanden sind,Unternehmer muss den Unfall binnen 3 Tagen bei der Berufsgenossenschaft für Fahrzeughaltungen anzeigen. • Unternehmer muss eine Kopie dieser Unfallanzeige dem Amt für Arbeitsschutz übersenden,Der Unternehmer aus dem Beförderungsvertrag.,gesetzliche Unfallversicherung für alle Arbeitnehmer zur Versicherung von Wege- und Arbeitsunfällen,Die Kfz-Haftpflichtversicherung,die Fahrzeugversicherung.,Eine Vollkaskoversicherung deckt neben den Schaden der Teilkaskoversicherung auch solche Schaden ab. die durch eigene Unfallverursachung entstanden wurde,
Wird man durch den Abschluss einer Kaskoversicherung regelmäßig von jeder Eigenleistung befreit?,gesetzliche Unfallversicherung für alle Arbeitnehmer zur Versicherung von Wege- und Arbeitsunfällen,Die Kfz-Haftpflichtversicherung,die Fahrzeugversicherung.,Nein. in den meisten Fällen muss der Versicherungsnehmer den ihm entstanden Schaden bis zu einer bestimmten Summe. die zuvor mit der Versicherung vereinbart wurde. selbst tragen (Selbstbeteiligung).,Der Versicherungsschutz beginnt mit der Einlösung des Versicherungsscheines durch Zahlung des Beitrages und der Versicherungssteuer.,Die Teilkaskoversicherung deckt Schäden am eigenen Kfz ab. wenn diese durch Diebstahl. Brand. Glas- und Wildschaden. Entwendung sowie durch unmittelbare Einwirkung von Naturereignissen entstanden sind,Unternehmer muss den Unfall binnen 3 Tagen bei der Berufsgenossenschaft für Fahrzeughaltungen anzeigen. • Unternehmer muss eine Kopie dieser Unfallanzeige dem Amt für Arbeitsschutz übersenden,Der Unternehmer aus dem Beförderungsvertrag.,
Wer haftet nach den Grundsätzen der Gefährdungshaftung für Schaden. die durch ein Kfz verursacht werden?,gesetzliche Unfallversicherung für alle Arbeitnehmer zur Versicherung von Wege- und Arbeitsunfällen,Die Kfz-Haftpflichtversicherung,die Fahrzeugversicherung.,Nein. in den meisten Fällen muss der Versicherungsnehmer den ihm entstanden Schaden bis zu einer bestimmten Summe. die zuvor mit der Versicherung vereinbart wurde. selbst tragen (Selbstbeteiligung).,Der Versicherungsschutz beginnt mit der Einlösung des Versicherungsscheines durch Zahlung des Beitrages und der Versicherungssteuer.,Die Teilkaskoversicherung deckt Schäden am eigenen Kfz ab. wenn diese durch Diebstahl. Brand. Glas- und Wildschaden. Entwendung sowie durch unmittelbare Einwirkung von Naturereignissen entstanden sind,Der Halter,Der Unternehmer aus dem Beförderungsvertrag.,
Welche Versicherungen sind für den Taxi- und Mietwagenunternehmer gesetzlich vorgeschrieben?,Unfallversicherung bei der Berufsgenossenschaft,Kfz-Haftpflichtversicherung,die Fahrzeugversicherung.,Nein. in den meisten Fällen muss der Versicherungsnehmer den ihm entstanden Schaden bis zu einer bestimmten Summe. die zuvor mit der Versicherung vereinbart wurde. selbst tragen (Selbstbeteiligung).,Der Versicherungsschutz beginnt mit der Einlösung des Versicherungsscheines durch Zahlung des Beitrages und der Versicherungssteuer.,Die Teilkaskoversicherung deckt Schäden am eigenen Kfz ab. wenn diese durch Diebstahl. Brand. Glas- und Wildschaden. Entwendung sowie durch unmittelbare Einwirkung von Naturereignissen entstanden sind,Der Halter,Der Unternehmer aus dem Beförderungsvertrag.,
Muss der Unternehmer. wenn er fahrlässig den Unfall eines Arbeitnehmers verursacht hat. diesem den Schaden ersetzen?,Unfallversicherung bei der Berufsgenossenschaft,Kfz-Haftpflichtversicherung,die Fahrzeugversicherung.,Nein. in den meisten Fällen muss der Versicherungsnehmer den ihm entstanden Schaden bis zu einer bestimmten Summe. die zuvor mit der Versicherung vereinbart wurde. selbst tragen (Selbstbeteiligung).,Für Betriebsunfälle entschädigt allein die Berufsgenossenschaft. Der AG ist von seiner Haftung befreit. ausgenommen die Lohnfortzahlung bis zu 6 Wochen. Für Sachschäden haftet die Berufsgenossenschaft nicht. Die Haftungsbefreiung entfällt bei vorsätzlicher Schädigung und bei der Teilnahme am allgemeinen Verkehr.,Die Teilkaskoversicherung deckt Schäden am eigenen Kfz ab. wenn diese durch Diebstahl. Brand. Glas- und Wildschaden. Entwendung sowie durch unmittelbare Einwirkung von Naturereignissen entstanden sind,Der Halter,Der Unternehmer aus dem Beförderungsvertrag.,
In welchem Umfang haften Arbeitskollegen für verschuldete Unfälle gegenüber Arbeitskollegen,Unfallversicherung bei der Berufsgenossenschaft,Kfz-Haftpflichtversicherung,die Fahrzeugversicherung.,Nein. in den meisten Fällen muss der Versicherungsnehmer den ihm entstanden Schaden bis zu einer bestimmten Summe. die zuvor mit der Versicherung vereinbart wurde. selbst tragen (Selbstbeteiligung).,Für Betriebsunfälle entschädigt allein die Berufsgenossenschaft. Der AG ist von seiner Haftung befreit. ausgenommen die Lohnfortzahlung bis zu 6 Wochen. Für Sachschäden haftet die Berufsgenossenschaft nicht. Die Haftungsbefreiung entfällt bei vorsätzlicher Schädigung und bei der Teilnahme am allgemeinen Verkehr.,Arbeitskollegen sind untereinander im gleichen Umfange von der Haftung befreit wie der Unternehmer.,Der Halter,Der Unternehmer aus dem Beförderungsvertrag.,
Für welche Schäden kommt die Kfz-Haftpflichtversicherung auf,Unfallversicherung bei der Berufsgenossenschaft,Kfz-Haftpflichtversicherung,Für Personen-. Sach- und Vermögensschäden. die beim Betrieb des Kfz bei Dritten entstanden sind.,Nein. in den meisten Fällen muss der Versicherungsnehmer den ihm entstanden Schaden bis zu einer bestimmten Summe. die zuvor mit der Versicherung vereinbart wurde. selbst tragen (Selbstbeteiligung).,Für Betriebsunfälle entschädigt allein die Berufsgenossenschaft. Der AG ist von seiner Haftung befreit. ausgenommen die Lohnfortzahlung bis zu 6 Wochen. Für Sachschäden haftet die Berufsgenossenschaft nicht. Die Haftungsbefreiung entfällt bei vorsätzlicher Schädigung und bei der Teilnahme am allgemeinen Verkehr.,Arbeitskollegen sind untereinander im gleichen Umfange von der Haftung befreit wie der Unternehmer.,Der Halter,Der Unternehmer aus dem Beförderungsvertrag.,
Gibt es Schadenshöchstgrenzen. für die die Versicherung aufkommt?,Unfallversicherung bei der Berufsgenossenschaft,Ja. erstreckt sich die Haftpflicht des Beförderungs unternehmers auch auf Schäden der beförderten Personen,Kfz-Haftpflichtversicherung,Für Personen-. Sach- und Vermögensschäden. die beim Betrieb des Kfz bei Dritten entstanden sind.,Nein. in den meisten Fällen muss der Versicherungsnehmer den ihm entstanden Schaden bis zu einer bestimmten Summe. die zuvor mit der Versicherung vereinbart wurde. selbst tragen (Selbstbeteiligung).,Ja. die jeweilige Schadenshöchstgrenze hängt von dem abgeschlossenen Versicherungsvertrag ab.,Für Betriebsunfälle entschädigt allein die Berufsgenossenschaft. Der AG ist von seiner Haftung befreit. ausgenommen die Lohnfortzahlung bis zu 6 Wochen. Für Sachschäden haftet die Berufsgenossenschaft nicht. Die Haftungsbefreiung entfällt bei vorsätzlicher Schädigung und bei der Teilnahme am allgemeinen Verkehr.,Arbeitskollegen sind untereinander im gleichen Umfange von der Haftung befreit wie der Unternehmer.,
Wonach richtet sich die Schadenshöchstgrenze?,Unfallversicherung bei der Berufsgenossenschaft,Ja. erstreckt sich die Haftpflicht des Beförderungs unternehmers auch auf Schäden der beförderten Personen,Kfz-Haftpflichtversicherung,Für Personen-. Sach- und Vermögensschäden. die beim Betrieb des Kfz bei Dritten entstanden sind.,Nach der im Versicherungsvertrag festgelegten Haftpflichtdeckungssumme.,Ja. die jeweilige Schadenshöchstgrenze hängt von dem abgeschlossenen Versicherungsvertrag ab.,Für Betriebsunfälle entschädigt allein die Berufsgenossenschaft. Der AG ist von seiner Haftung befreit. ausgenommen die Lohnfortzahlung bis zu 6 Wochen. Für Sachschäden haftet die Berufsgenossenschaft nicht. Die Haftungsbefreiung entfällt bei vorsätzlicher Schädigung und bei der Teilnahme am allgemeinen Verkehr.,Arbeitskollegen sind untereinander im gleichen Umfange von der Haftung befreit wie der Unternehmer.,
Wie hoch ist die Mindestversicherungssumme (Mindestdeckungssumme)?,2.5 Mio. € bei Pkw bis zu 9 Plätzen für Personenschäden. Sind 3 oder mehr Personen betroffen. beträgt sie 7.5 Mio€,500.000 € für Sachschäden und,50.000 €. für Vermögensschäden.,Für Personen-. Sach- und Vermögensschäden. die beim Betrieb des Kfz bei Dritten entstanden sind.,Nach der im Versicherungsvertrag festgelegten Haftpflichtdeckungssumme.,Ja. die jeweilige Schadenshöchstgrenze hängt von dem abgeschlossenen Versicherungsvertrag ab.,Für Betriebsunfälle entschädigt allein die Berufsgenossenschaft. Der AG ist von seiner Haftung befreit. ausgenommen die Lohnfortzahlung bis zu 6 Wochen. Für Sachschäden haftet die Berufsgenossenschaft nicht. Die Haftungsbefreiung entfällt bei vorsätzlicher Schädigung und bei der Teilnahme am allgemeinen Verkehr.,Arbeitskollegen sind untereinander im gleichen Umfange von der Haftung befreit wie der Unternehmer.,
Können auch höhere Haftpflichtdeckungssummen vereinbart werden?,Unfallversicherung bei der Berufsgenossenschaft,Ja. erstreckt sich die Haftpflicht des Beförderungs unternehmers auch auf Schäden der beförderten Personen,Kfz-Haftpflichtversicherung,Für Personen-. Sach- und Vermögensschäden. die beim Betrieb des Kfz bei Dritten entstanden sind.,Nach der im Versicherungsvertrag festgelegten Haftpflichtdeckungssumme.,Ja. die jeweilige Schadenshöchstgrenze hängt von dem abgeschlossenen Versicherungsvertrag ab.,Für Betriebsunfälle entschädigt allein die Berufsgenossenschaft. Der AG ist von seiner Haftung befreit. ausgenommen die Lohnfortzahlung bis zu 6 Wochen. Für Sachschäden haftet die Berufsgenossenschaft nicht. Die Haftungsbefreiung entfällt bei vorsätzlicher Schädigung und bei der Teilnahme am allgemeinen Verkehr.,Ja. dies ist grundsätzlich möglich und zur Minderung des Schadensrisikos unbedingt zu empfehlen.,
Kann man gegenüber den beförderten Personen eine Haftung für Personenschäden ausschließen?,Unfallversicherung bei der Berufsgenossenschaft,Ja. erstreckt sich die Haftpflicht des Beförderungs unternehmers auch auf Schäden der beförderten Personen,Kfz-Haftpflichtversicherung,Nein. ein Ausschluss von der Haftung von Personenschäden ist grundsätzlich unzulässig und nichtig; lediglich die Haftung für Sachschäden darf gegenüber jeder beförderten Person auf 1.000 € begrenzt werden.,Nach der im Versicherungsvertrag festgelegten Haftpflichtdeckungssumme.,Ja. die jeweilige Schadenshöchstgrenze hängt von dem abgeschlossenen Versicherungsvertrag ab.,Für Betriebsunfälle entschädigt allein die Berufsgenossenschaft. Der AG ist von seiner Haftung befreit. ausgenommen die Lohnfortzahlung bis zu 6 Wochen. Für Sachschäden haftet die Berufsgenossenschaft nicht. Die Haftungsbefreiung entfällt bei vorsätzlicher Schädigung und bei der Teilnahme am allgemeinen Verkehr.,Ja. dies ist grundsätzlich möglich und zur Minderung des Schadensrisikos unbedingt zu empfehlen.,
Wie muss man sich im Falle eines Schadensereignisses verhalten?,Unfallversicherung bei der Berufsgenossenschaft,Ja. erstreckt sich die Haftpflicht des Beförderungs unternehmers auch auf Schäden der beförderten Personen,Kfz-Haftpflichtversicherung,Nein. ein Ausschluss von der Haftung von Personenschäden ist grundsätzlich unzulässig und nichtig; lediglich die Haftung für Sachschäden darf gegenüber jeder beförderten Person auf 1.000 € begrenzt werden.,Nach der im Versicherungsvertrag festgelegten Haftpflichtdeckungssumme.,Der Schadensfall muss der Versicherung schriftlich umgehend angezeigt werden. Der Versicherungsnehmer ist verpflichtet. alles Erforderliche zur Aufklärung und Schadensminderung zu tun.,Für Betriebsunfälle entschädigt allein die Berufsgenossenschaft. Der AG ist von seiner Haftung befreit. ausgenommen die Lohnfortzahlung bis zu 6 Wochen. Für Sachschäden haftet die Berufsgenossenschaft nicht. Die Haftungsbefreiung entfällt bei vorsätzlicher Schädigung und bei der Teilnahme am allgemeinen Verkehr.,Ja. dies ist grundsätzlich möglich und zur Minderung des Schadensrisikos unbedingt zu empfehlen.,
Sollte im Fall eines verschulde- ten Unfalls ein Schadensersatzanspruch teilweise oder vollkommen anerkannt werden?,Unfallversicherung bei der Berufsgenossenschaft,Ja. erstreckt sich die Haftpflicht des Beförderungs unternehmers auch auf Schäden der beförderten Personen,Davon ist ohne vorherige Rücksprache mit der Versicherung dringend abzuraten. weil die Gefahr besteht. dass die Versicherung Regress nimmt,Nein. ein Ausschluss von der Haftung von Personenschäden ist grundsätzlich unzulässig und nichtig; lediglich die Haftung für Sachschäden darf gegenüber jeder beförderten Person auf 1.000 € begrenzt werden.,Nach der im Versicherungsvertrag festgelegten Haftpflichtdeckungssumme.,Der Schadensfall muss der Versicherung schriftlich umgehend angezeigt werden. Der Versicherungsnehmer ist verpflichtet. alles Erforderliche zur Aufklärung und Schadensminderung zu tun.,Für Betriebsunfälle entschädigt allein die Berufsgenossenschaft. Der AG ist von seiner Haftung befreit. ausgenommen die Lohnfortzahlung bis zu 6 Wochen. Für Sachschäden haftet die Berufsgenossenschaft nicht. Die Haftungsbefreiung entfällt bei vorsätzlicher Schädigung und bei der Teilnahme am allgemeinen Verkehr.,Ja. dies ist grundsätzlich möglich und zur Minderung des Schadensrisikos unbedingt zu empfehlen.,
Durch Unachtsamkeit des Unternehmers wird ein Fahrgast verletzt und sein Gepäck beschädigt. Was kann der Fahrgast verlangen?,Unfallversicherung bei der Berufsgenossenschaft,Ja. erstreckt sich die Haftpflicht des Beförderungs unternehmers auch auf Schäden der beförderten Personen,Davon ist ohne vorherige Rücksprache mit der Versicherung dringend abzuraten. weil die Gefahr besteht. dass die Versicherung Regress nimmt,Ausgleich der Folgen der Körperverletzung,Nach der im Versicherungsvertrag festgelegten Haftpflichtdeckungssumme.,Ersatz der Beschädigung des Gepäckes.,Für Betriebsunfälle entschädigt allein die Berufsgenossenschaft. Der AG ist von seiner Haftung befreit. ausgenommen die Lohnfortzahlung bis zu 6 Wochen. Für Sachschäden haftet die Berufsgenossenschaft nicht. Die Haftungsbefreiung entfällt bei vorsätzlicher Schädigung und bei der Teilnahme am allgemeinen Verkehr.,Ja. dies ist grundsätzlich möglich und zur Minderung des Schadensrisikos unbedingt zu empfehlen.,
Darf der TuM-Unternehmer die Haftung für Sachschäden gegenüber dem Fahrgast ausschli,Unfallversicherung bei der Berufsgenossenschaft,Ja. erstreckt sich die Haftpflicht des Beförderungs unternehmers auch auf Schäden der beförderten Personen,Davon ist ohne vorherige Rücksprache mit der Versicherung dringend abzuraten. weil die Gefahr besteht. dass die Versicherung Regress nimmt,Ausgleich der Folgen der Körperverletzung,Nach der im Versicherungsvertrag festgelegten Haftpflichtdeckungssumme.,Ersatz der Beschädigung des Gepäckes.,Haftungsausschlüsse für Sachschäden sind nur unter bestimmten Voraussetzungen zulässig.,Ja. dies ist grundsätzlich möglich und zur Minderung des Schadensrisikos unbedingt zu empfehlen.,